Entidad_federativa,Tipo,Año,poblacion_en_situacion_de_pobreza,poblacion_en situacion_de_pobreza moderada,poblacion_en_situacion_de pobreza_extrema,poblacion_vulnerable_por_carencias_sociales,poblacion_vulnerable_por_ingresos,poblacion_no_pobre_y_no_vulnerable,poblacion_con_al_menos_una_carencia_social,poblacion_con_al_menos_tres_carencias_sociales,rezago_educativo,carencia_por_acceso_a_los_servicios_de_salud,carencia_por_acceso_a_la_seguridad_social,carencia_por_calidad_y espacios_de la_vivienda,carencia_por_acceso_a_los_servicios basicos_en_la_vivienda,carencia_por_acceso_a_la_alimentacion,poblacion_con_ingreso inferior_a_la_linea_de pobreza_extrema_por ingresos,poblacion_con_ingreso_inferior_a_la_linea_de_pobreza_por_ingresos,poblacion_total
Nacional,Porcentaje,2008,44.4,33.3,11,32.3,4.7,18.7,76.6,31.7,21.9,38.4,65,17.7,22.9,21.7,16.8,49,
Nacional,Porcentaje,2010,46.1,34.8,11.3,28.1,5.9,19.9,74.2,28.2,20.7,29.2,60.7,15.2,22.9,24.8,19.4,52,
Nacional,Porcentaje,2012,45.5,35.7,9.8,28.6,6.2,19.8,74.1,23.9,19.2,21.5,61.2,13.6,21.2,23.3,20,51.6,
Nacional,Porcentaje,2014,46.2,36.6,9.5,26.3,7.1,20.5,72.4,22.1,18.7,18.2,58.5,12.3,21.2,23.4,20.6,53.2,
Nacional,Porcentaje,2016,43.6,35.9,7.6,26.8,7,22.6,70.4,18.7,17.4,15.5,55.8,12,19.3,20.1,17.5,50.6,
Nacional,Porcentaje,2018,41.9,34.5,7.4,29.3,6.9,21.9,71.2,18.8,16.9,16.2,57.3,11.1,19.8,20.4,16.8,48.8,
Nacional,Miles de personas,2008,49.5,37.2,12.3,36,5.2,20.9,85.5,35.4,24.5,42.8,72.5,19.7,25.5,24.3,18.7,54.7,110405454
Nacional,Miles de personas,2010,52.8,39.8,13,32.1,6.7,22.8,85,32.4,23.7,33.5,69.6,17.4,26.3,28.4,22.2,59.6,113748671
Nacional,Miles de personas,2012,53.3,41.8,11.5,33.5,7.2,23.2,86.9,28.1,22.6,25.3,71.8,15.9,24.9,27.4,23.5,60.6,116935670
Nacional,Miles de personas,2014,55.3,43.9,11.4,31.5,8.5,24.6,86.8,26.5,22.4,21.8,70.1,14.8,25.4,28,24.6,63.8,119936411
Nacional,Miles de personas,2016,53.4,44,9.4,32.9,8.6,27.8,86.3,23,21.3,19.1,68.4,14.8,23.7,24.6,21.4,62,122715165
Nacional,Miles de personas,2018,52.4,43.1,9.3,36.7,8.6,27.4,89.1,23.5,21.1,20.2,71.7,13.8,24.7,25.5,21,61.1,125327797
Nacional,Carencias promedio,2008,2.8,2.4,3.9,2,0,0,2.4,3.7,3.2,3,2.6,3.7,3.6,3.3,3.1,2.5,
Nacional,Carencias promedio,2010,2.6,2.2,3.8,1.9,0,0,2.3,3.6,3.1,3,2.5,3.6,3.3,3,2.9,2.3,
Nacional,Carencias promedio,2012,2.4,2,3.7,1.8,0,0,2.2,3.5,2.9,2.8,2.3,3.4,3.2,2.9,2.5,2.1,
Nacional,Carencias promedio,2014,2.3,1.9,3.6,1.8,0,0,2.1,3.5,2.8,2.8,2.3,3.3,3.1,2.8,2.5,2,
Nacional,Carencias promedio,2016,2.2,1.9,3.5,1.7,0,0,2,3.4,2.6,2.7,2.2,3.1,2.9,2.6,2.4,1.9,
Nacional,Carencias promedio,2018,2.2,1.9,3.6,1.7,0,0,2,3.4,2.7,2.7,2.1,3.2,2.9,2.6,2.4,1.9,
Aguascalientes,Porcentaje,2008,37.6,33.5,4.2,30.8,7.7,23.9,68.4,14.6,18.1,23.2,55.3,8,3.4,20.1,14.1,45.3,
Aguascalientes,Porcentaje,2010,38.1,34.4,3.8,26.2,8.1,27.6,64.3,12.3,17.2,19.7,49.3,6.9,4.8,20.2,14.8,46.2,
Aguascalientes,Porcentaje,2012,37.8,34.4,3.4,24.5,10.1,27.6,62.2,9.6,15.3,14.8,47.6,4.9,3.5,21.5,14.9,47.9,
Aguascalientes,Porcentaje,2014,34.8,32.7,2.1,25.3,8.9,31,60.1,7.9,14.4,12.5,43.2,3.3,3.6,21.6,12.9,43.7,
Aguascalientes,Porcentaje,2016,28.2,25.9,2.3,28,10.6,33.2,56.2,7.6,13.9,12.1,40.4,5.5,2.3,17.2,9.6,38.8,
Aguascalientes,Porcentaje,2018,26.2,25,1.2,29.6,10.3,33.9,55.8,5.8,13.1,11.4,42.3,4.6,2.5,13,8.8,36.5,
Aguascalientes,Miles de personas,2008,435.3,387,48.3,355.7,89,276.6,791,168.7,209.1,268.3,639.9,92.3,39.7,232.6,162.5,524.3,1153.468
Aguascalientes,Miles de personas,2010,456.8,411.7,45.1,314,96.9,330.3,770.9,147.2,206.6,236,590.2,82.4,57,242.2,177.9,553.7,1198.51
Aguascalientes,Miles de personas,2012,467.6,425.6,42,303.1,125.4,342.2,770.7,119.2,189.7,182.7,589.8,61.1,43,266.3,184,593,1250.962
Aguascalientes,Miles de personas,2014,442.9,416.2,26.7,322.4,113.6,395,765.3,101.2,182.8,159,550.2,42.2,45.7,274.5,164.4,556.5,1305.273
Aguascalientes,Miles de personas,2016,369.7,339.5,30.2,366.4,139.1,434.8,736,100.1,182.7,159,529.4,71.5,30,225.2,125.3,508.8,1355.321
Aguascalientes,Miles de personas,2018,351.5,335.9,15.6,397.8,138,455.3,749.3,77.8,175.5,153.1,568.2,61.5,33.4,174.4,118.8,489.6,1395.794
Aguascalientes,Carencias promedio,2008,2,1.8,3.5,1.8,0,0,1.9,3.4,2.4,2.5,2,3.1,3.1,2.5,2,1.6,
Aguascalientes,Carencias promedio,2010,1.9,1.8,3.4,1.7,0,0,1.8,3.3,2.3,2.4,2,2.8,2.9,2.3,1.9,1.6,
Aguascalientes,Carencias promedio,2012,1.8,1.7,3.4,1.5,0,0,1.7,3.3,2.2,2.5,1.9,2.7,2.9,2.2,1.8,1.5,
Aguascalientes,Carencias promedio,2014,1.7,1.6,3.4,1.5,0,0,1.6,3.3,2.1,2.4,1.8,2.7,2.8,2,1.6,1.4,
Aguascalientes,Carencias promedio,2016,1.7,1.6,3.3,1.5,0,0,1.6,3.2,2.1,2.4,1.8,2.4,2.8,2,1.7,1.2,
Aguascalientes,Carencias promedio,2018,1.6,1.5,3.2,1.5,0,0,1.6,3.2,1.9,2.3,1.7,2.4,2.7,1.9,1.4,1.2,
Baja California,Porcentaje,2008,26,22.6,3.3,42.1,5.4,26.5,68.1,16.6,18,32.6,55.1,8,6.9,14.1,7.6,31.4,
Baja California,Porcentaje,2010,31.5,28.1,3.4,37.9,6.3,24.2,69.4,16,16.9,31.4,54.7,9.9,6.6,16.4,9.8,37.9,
Baja California,Porcentaje,2012,30.2,27.5,2.7,37.6,8.6,23.5,67.8,12.3,14.6,22.3,55.7,8.1,4.4,15.2,10.9,38.8,
Baja California,Porcentaje,2014,28.6,25.5,3.1,38.3,6.6,26.5,66.9,14.1,15.4,19.4,51.8,10.6,12.1,17.2,9.7,35.2,
Baja California,Porcentaje,2016,22.2,21.1,1.1,38,6.7,33,60.3,9.3,13.3,17.3,43,7.8,6.3,14.9,5.4,29,
Baja California,Porcentaje,2018,23.3,21.6,1.6,39.8,6.8,30.2,63,9.7,14,16.9,45.2,9.5,8.9,14.1,5.8,30,
Baja California,Miles de personas,2008,809.7,705.6,104.1,"1,314.20",168.5,826.2,"2,124.00",518,559.9,"1,016.30","1,718.30",249.6,215.2,440.7,236.9,978.3,3064.928
Baja California,Miles de personas,2010,"1,019.80",910.7,109.1,"1,225.80",205.4,784.3,"2,245.60",517,547.2,"1,014.50","1,768.30",320.7,214.4,529.4,316.7,"1,225.20",3183.653
Baja California,Miles de personas,2012,"1,010.10",918.6,91.5,"1,258.40",288,787.3,"2,268.60",411.2,488.6,746.3,"1,862.70",270,147,509.9,365.1,"1,298.10",3258.386
Baja California,Miles de personas,2014,984.9,879.4,105.5,"1,319.50",226.7,912.9,"2,304.50",486.9,530.8,666.6,"1,785.60",366.7,415.6,591.8,334.1,"1,211.60",3326.218
Baja California,Miles de personas,2016,789.1,749.4,39.7,"1,349.70",238.9,"1,171.50","2,138.80",328.4,472.2,613.8,"1,525.50",275.6,223,530.6,190.4,"1,028.00",3403.335
Baja California,Miles de personas,2018,848.4,789.1,59.3,"1,450.80",246.4,"1,102.50","2,299.20",353.9,511.6,615.1,"1,650.60",345.4,326.1,516.2,211.1,"1,094.90",3521.242
Baja California,Carencias promedio,2008,2.1,2,3.4,1.9,0,0,2,3.3,2.5,2.5,2.1,2.9,2.9,2.7,2.3,1.8,
Baja California,Carencias promedio,2010,2.2,2,3.4,1.8,0,0,2,3.4,2.5,2.5,2.1,2.8,3,2.6,2.1,1.8,
Baja California,Carencias promedio,2012,1.9,1.8,3.3,1.7,0,0,1.8,3.3,2.4,2.4,1.9,2.7,3.1,2.4,1.8,1.5,
Baja California,Carencias promedio,2014,2.1,1.9,3.8,1.8,0,0,1.9,3.6,2.6,2.6,2.1,3,3.1,2.8,2,1.7,
Baja California,Carencias promedio,2016,1.8,1.8,3.2,1.6,0,0,1.7,3.3,2.2,2.4,1.9,2.4,2.7,2.1,1.7,1.4,
Baja California,Carencias promedio,2018,1.9,1.7,3.5,1.6,0,0,1.7,3.3,2.2,2.4,1.9,2.4,2.6,2.3,1.9,1.4,
Baja California Sur,Porcentaje,2008,21.4,18.7,2.7,44.6,4.7,29.4,65.9,17.4,16.6,25.2,51.5,14.7,10.6,15.4,7.7,26,
Baja California Sur,Porcentaje,2010,31,26.4,4.6,32.5,4.5,31.9,63.5,17.1,16.9,20.2,45.9,12.3,9.2,26,11.2,35.5,
Baja California Sur,Porcentaje,2012,30.1,26.4,3.7,30,7.9,32,60.1,13.4,15.7,15.1,43.5,10.9,6.8,21.9,13.1,38,
Baja California Sur,Porcentaje,2014,30.3,26.3,3.9,34.4,5.6,29.8,64.6,17.6,14.9,14.2,46.6,16.5,12.4,24.6,10.6,35.9,
Baja California Sur,Porcentaje,2016,22.1,20.5,1.6,37.8,6.5,33.6,60,12.9,13.4,12.5,40,13.1,12.8,19.2,6.1,28.6,
Baja California Sur,Porcentaje,2018,18.1,16.6,1.5,43.3,4.7,34,61.4,11.8,12.1,10.7,41.1,14.2,13.2,17.8,4.6,22.7,
Baja California Sur,Miles de personas,2008,130.5,114.2,16.4,272.4,28.6,179.6,402.9,106.2,101.2,153.9,314.4,89.8,64.9,94.2,46.9,159.1,589.287
Baja California Sur,Miles de personas,2010,203,172.7,30.3,213.1,29.7,209,416.1,112.3,110.9,132.1,300.8,80.3,60,170.5,73.5,232.7,636.185
Baja California Sur,Miles de personas,2012,211.3,185.5,25.8,210.3,55.5,224.7,421.6,93.9,110.1,106.2,305.4,76.6,47.5,153.6,91.6,266.9,668.635
Baja California Sur,Miles de personas,2014,226.2,196.7,29.5,256.9,41.9,222.6,483.1,131.2,111.2,106.3,348.6,123.1,92.6,183.7,79,268.1,702.923
Baja California Sur,Miles de personas,2016,175.6,162.9,12.8,300.3,51.2,266.6,476,102.3,106.2,98.9,317.2,104.2,101.8,152.4,48.5,226.8,736.995
Baja California Sur,Miles de personas,2018,151.7,139.2,12.6,363.5,39.2,285.3,515.2,99.1,102,90.2,344.8,119,111.3,149.8,38.9,190.9,771.294
Baja California Sur,Carencias promedio,2008,2.2,2.1,3.6,1.9,0,0,2,3.5,2.6,2.7,2.2,2.9,3.1,2.9,2.1,1.8,
Baja California Sur,Carencias promedio,2010,2.3,2,3.8,1.8,0,0,2.1,3.7,2.7,2.9,2.3,3.3,3.6,2.6,2.4,2,
Baja California Sur,Carencias promedio,2012,2.1,1.9,3.5,1.7,0,0,1.9,3.6,2.6,2.8,2.1,3.1,3.5,2.5,1.9,1.7,
Baja California Sur,Carencias promedio,2014,2.1,1.9,3.6,1.9,0,0,2,3.6,2.7,2.8,2.2,3,3.4,2.6,2.1,1.8,
Baja California Sur,Carencias promedio,2016,2,1.9,3.6,1.8,0,0,1.9,3.4,2.4,2.6,2,2.7,2.8,2.4,1.8,1.5,
Baja California Sur,Carencias promedio,2018,2,1.9,3.6,1.7,0,0,1.8,3.4,2.3,2.6,2,2.6,2.6,2.2,2,1.6,
Campeche,Porcentaje,2008,45.9,33.9,11.9,29.5,4.6,20,75.3,35.5,22.9,23.3,61.9,25.2,37.2,20.3,18.5,50.5,
Campeche,Porcentaje,2010,50.5,36.7,13.8,24.9,4.3,20.3,75.4,35.6,24.1,19.2,60,22.1,36.5,31.2,21.6,54.8,
Campeche,Porcentaje,2012,44.7,34.2,10.4,28.6,5.6,21.2,73.3,26.9,19.2,12.2,61,17.7,33,18.7,20.6,50.2,
Campeche,Porcentaje,2014,43.6,32.5,11.1,32.1,4,20.4,75.6,29.4,18.8,12.5,60.1,19.5,38.8,24.3,19.2,47.6,
Campeche,Porcentaje,2016,43.8,37.1,6.7,31.3,4.8,20.1,75.1,23.5,17.2,10.7,59,16.9,29.2,25.6,15.8,48.6,
Campeche,Porcentaje,2018,46.2,36.5,9.8,31.8,4.6,17.3,78.1,28.2,17.2,11.7,61.5,16.5,39,27.4,18.5,50.8,
Campeche,Miles de personas,2008,373.1,275.9,97.2,239.7,37.7,163.1,612.7,288.6,185.9,189.4,503.6,204.6,302.5,165,150.6,410.8,809.041
Campeche,Miles de personas,2010,425.3,309.2,116.1,209.9,36.4,170.6,635.2,299.4,203,161.8,505,186.4,307.7,262.6,182,461.7,833.942
Campeche,Miles de personas,2012,387.9,297.2,90.7,248.4,48.4,183.8,636.3,233.5,167.1,105.9,530.1,153.4,286.7,162.7,178.6,436.3,867.064
Campeche,Miles de personas,2014,391,291.7,99.2,287.5,35.9,182.6,678.4,263.6,168.5,111.8,539.5,175.3,348.1,217.6,172.2,426.8,900.589
Campeche,Miles de personas,2016,405,343.4,61.6,290,44.4,186,695,217.5,159.1,99.4,545.8,156.2,270.2,236.8,145.9,449.4,933.436
Campeche,Miles de personas,2018,440.4,347.4,93,303.2,43.8,164.9,743.6,268.4,164.2,111.4,586.1,157.4,371.3,261.3,176.2,484.2,967.319
Campeche,Carencias promedio,2008,2.8,2.4,3.8,2.2,0,0,2.5,3.7,3.2,3.3,2.8,3.5,3.3,3.4,3,2.5,
Campeche,Carencias promedio,2010,2.8,2.4,3.8,2.1,0,0,2.6,3.7,3.2,3.3,2.8,3.6,3.3,3.3,3,2.6,
Campeche,Carencias promedio,2012,2.4,2.1,3.4,1.9,0,0,2.2,3.4,2.9,2.8,2.3,3.2,2.9,3,2.5,2.1,
Campeche,Carencias promedio,2014,2.6,2.2,3.6,2,0,0,2.3,3.5,3,3.1,2.5,3.2,2.9,3,2.7,2.3,
Campeche,Carencias promedio,2016,2.3,2.1,3.5,1.8,0,0,2.1,3.5,2.8,2.9,2.3,3.1,2.9,2.7,2.4,2.1,
Campeche,Carencias promedio,2018,2.4,2.1,3.5,2,0,0,2.2,3.5,3,3,2.4,3.2,2.9,2.8,2.6,2.2,
Coahuila,Porcentaje,2008,32.7,29.6,3.1,25.2,12.5,29.6,57.9,11.1,13.7,23.3,40.5,5.2,5.5,16.8,11.3,45.3,
Coahuila,Porcentaje,2010,27.8,24.9,2.9,25.6,12.9,33.7,53.4,10.3,12.2,17.6,34.3,4.4,6,20.8,11.5,40.7,
Coahuila,Porcentaje,2012,27.9,24.7,3.2,24.4,12.7,34.9,52.4,10.3,12.5,14.4,34.3,5.4,5.5,21.2,11.6,40.7,
Coahuila,Porcentaje,2014,30.2,26.4,3.7,24.2,11.1,34.5,54.4,9.9,12.5,15.6,34.2,5,5.6,22,11.8,41.3,
Coahuila,Porcentaje,2016,24.8,23.2,1.7,25,13,37.2,49.8,7.2,12.3,12.8,30.6,5.2,5.5,16.1,8.8,37.8,
Coahuila,Porcentaje,2018,22.5,21,1.4,27.4,11.3,38.9,49.8,7.1,11.7,13.2,30.4,4.4,3.9,18.3,6.5,33.7,
Coahuila,Miles de personas,2008,885.8,802.1,83.7,682,339.5,800.1,"1,567.80",301.5,371,630.1,"1,096.80",140.1,147.7,456.1,306.5,"1,225.20",2693.767
Coahuila,Miles de personas,2010,775.9,694,81.9,713.9,358.8,941.3,"1,489.90",286.5,339.4,490.2,957.1,122.5,167.5,579.5,319.6,"1,134.70",2786.124
Coahuila,Miles de personas,2012,799.3,706.6,92.7,699.3,364.8,998.7,"1,498.60",295.1,358.1,412.3,982.5,154.5,158.8,606,333.4,"1,164.10",2874.749
Coahuila,Miles de personas,2014,885.8,776.1,109.7,710.7,325.3,"1,014.10","1,596.50",289.2,366.7,457.1,"1,004.00",146.1,163.8,646.8,346.4,"1,211.10",2960.145
Coahuila,Miles de personas,2016,745.9,696.2,49.7,750.2,391.7,"1,118.00","1,496.10",215.1,370.7,384.7,919,155.6,164.9,484.7,264.9,"1,137.60",3043.062
Coahuila,Miles de personas,2018,691.1,646.6,44.5,840.7,346,"1,195.70","1,531.80",217,358.7,405.7,933.3,136.4,119.3,561.4,199,"1,037.10",3132.017
Coahuila,Carencias promedio,2008,1.9,1.8,3.4,1.6,0,0,1.8,3.3,2.1,2.5,2.1,2.9,2.6,2.1,1.8,1.4,
Coahuila,Carencias promedio,2010,1.9,1.7,3.4,1.7,0,0,1.8,3.3,2.1,2.5,2.1,2.7,2.7,2.1,1.6,1.3,
Coahuila,Carencias promedio,2012,2,1.8,3.4,1.6,0,0,1.8,3.4,2.3,2.6,2.1,2.8,2.8,2.1,1.8,1.3,
Coahuila,Carencias promedio,2014,1.9,1.7,3.5,1.5,0,0,1.7,3.4,2.1,2.6,2.1,2.9,2.7,2,1.9,1.4,
Coahuila,Carencias promedio,2016,1.8,1.7,3.5,1.5,0,0,1.7,3.3,2,2.4,1.9,2.6,2.4,1.9,1.6,1.2,
Coahuila,Carencias promedio,2018,1.8,1.7,3.3,1.5,0,0,1.6,3.3,2,2.5,1.9,2.4,2.5,1.9,1.7,1.2,
Colima,Porcentaje,2008,27.4,25.7,1.7,39.7,3.5,29.4,67.1,13.8,18.6,17,56,11.1,6.1,14.3,7.4,30.9,
Colima,Porcentaje,2010,34.7,32.2,2.5,33.8,4.9,26.7,68.4,16.5,18.8,16.4,55.8,12.1,9.8,19.9,8.6,39.6,
Colima,Porcentaje,2012,34.4,30.4,4,31.7,6.3,27.6,66.2,14.8,18.8,14.6,50.8,10,7.9,22.3,11.4,40.7,
Colima,Porcentaje,2014,34.3,30.9,3.4,33.2,6.4,26.1,67.5,16.1,17.5,12.7,51.9,10.9,9.6,25.4,10.6,40.7,
Colima,Porcentaje,2016,33.6,31,2.6,31.3,7,28.1,65,13,16.3,11.9,47.7,11.4,8.6,21.1,8,40.6,
Colima,Porcentaje,2018,30.9,28.5,2.4,35.2,5.4,28.5,66.1,12.6,16.6,10.8,48.9,9.4,10.5,21.6,9.7,36.3,
Colima,Miles de personas,2008,173.4,162.4,11,251.4,22.1,185.7,424.8,87.3,117.5,107.6,354.5,70.3,38.6,90.7,46.9,195.6,624.105
Colima,Miles de personas,2010,230.3,213.5,16.7,224,32.4,177,454.3,109.4,124.5,108.9,370.1,80,65,131.8,56.8,262.7,655.211
Colima,Miles de personas,2012,237.2,209.8,27.4,218.8,43.2,190.1,456,101.7,129.9,100.5,349.9,69.2,54.3,153.6,78.6,280.4,681.887
Colima,Miles de personas,2014,244.9,220.6,24.4,236.6,45.3,186.2,481.6,114.5,124.5,90.5,370.2,77.8,68.4,181.5,75.4,290.3,708.738
Colima,Miles de personas,2016,248.7,229.4,19.3,231.6,51.4,207.7,480.3,96.5,120.3,87.7,352.9,84.2,63.8,156.3,59.1,300.1,734.663
Colima,Miles de personas,2018,235.6,217.4,18.2,268.9,41.3,217.5,504.5,95.9,127,82.7,373.2,71.7,80.4,165,74.1,276.9,760.333
Colima,Carencias promedio,2008,2,1.9,3.5,1.7,0,0,1.8,3.4,2.3,2.5,2,2.9,3.2,2.6,1.8,1.8,
Colima,Carencias promedio,2010,2.2,2,3.7,1.7,0,0,1.9,3.5,2.6,2.7,2.1,3.1,3.4,2.7,2.1,1.9,
Colima,Carencias promedio,2012,2.1,1.9,3.7,1.7,0,0,1.9,3.5,2.5,2.7,2.1,3.1,3.3,2.5,2.1,1.8,
Colima,Carencias promedio,2014,2.1,1.9,3.6,1.7,0,0,1.9,3.4,2.5,2.6,2.1,3,3.2,2.5,2.1,1.8,
Colima,Carencias promedio,2016,2,1.8,3.5,1.6,0,0,1.8,3.4,2.3,2.6,2,2.8,2.9,2.4,2.1,1.6,
Colima,Carencias promedio,2018,1.9,1.8,3.5,1.7,0,0,1.8,3.4,2.4,2.7,1.9,2.9,2.9,2.4,1.9,1.6,
Chiapas,Porcentaje,2008,77,38.3,38.7,15.9,1.5,5.6,92.9,61.9,38,51.1,85.4,38.4,53.2,26.2,48.2,78.5,
Chiapas,Porcentaje,2010,78.5,40.2,38.3,13,2.4,6.1,91.5,57.2,35,35.4,82.4,33.3,60.7,30.3,50.9,80.9,
Chiapas,Porcentaje,2012,74.7,42.5,32.2,17.2,1.7,6.4,91.9,49.8,33.5,24.9,83.3,29.1,56.8,24.7,46.7,76.4,
Chiapas,Porcentaje,2014,76.2,44.4,31.8,15.3,2.5,6,91.5,48,30.7,20.7,82.8,26.9,57.4,27.5,48.5,78.7,
Chiapas,Porcentaje,2016,77.1,49,28.1,13.8,2.7,6.4,90.9,40.6,29,15,81.1,24.5,52.3,19.4,49.9,79.8,
Chiapas,Porcentaje,2018,76.4,46.7,29.7,15,2.5,6,91.5,43.3,29.2,17.6,83.6,23.6,57.1,22.3,50.7,78.9,
Chiapas,Miles de personas,2008,"3,682.30","1,831.50","1,850.80",760.5,70.6,268.2,"4,442.80","2,960.30","1,815.60","2,444.40","4,084.50","1,833.80","2,541.90","1,253.00","2,306.00","3,752.90",4666.821
Chiapas,Miles de personas,2010,"3,866.30","1,980.90","1,885.40",641.4,116.7,301.9,"4,507.70","2,817.20","1,724.90","1,743.30","4,057.80","1,638.00","2,990.00","1,493.30","2,507.10","3,983.00",4857.906
Chiapas,Miles de personas,2012,"3,782.30","2,153.10","1,629.20",869.7,87.6,324.5,"4,652.10","2,519.70","1,695.50","1,263.10","4,217.80","1,476.10","2,878.60","1,252.40","2,365.20","3,869.90",5038.786
Chiapas,Miles de personas,2014,"3,961.00","2,306.60","1,654.40",793.3,129.8,313.5,"4,754.30","2,492.90","1,593.90","1,073.40","4,301.40","1,398.30","2,982.40","1,430.50","2,518.60","4,090.80",5220.622
Chiapas,Miles de personas,2016,"4,114.00","2,615.30","1,498.60",736.4,145.5,341.2,"4,850.40","2,168.70","1,548.40",802.6,"4,328.40","1,309.00","2,791.60","1,036.90","2,662.40","4,259.50",5393.944
Chiapas,Miles de personas,2018,"4,174.60","2,551.30","1,623.30",822,136.8,329.9,"4,996.60","2,366.00","1,594.80",961.1,"4,567.50","1,288.60","3,120.20","1,220.70","2,770.10","4,311.40",5563.869
Chiapas,Carencias promedio,2008,3.3,2.7,4,2.2,0,0,3.1,3.9,3.9,3.7,3.3,4.1,3.8,4.1,3.5,3.3,
Chiapas,Carencias promedio,2010,3.2,2.4,3.9,2.2,0,0,3,3.8,3.7,3.8,3.2,4,3.5,3.9,3.4,3.1,
Chiapas,Carencias promedio,2012,2.9,2.2,3.8,2,0,0,2.7,3.7,3.5,3.6,2.9,3.8,3.3,3.7,3.2,2.8,
Chiapas,Carencias promedio,2014,2.8,2.1,3.7,2.1,0,0,2.7,3.7,3.5,3.6,2.8,3.8,3.2,3.6,3,2.7,
Chiapas,Carencias promedio,2016,2.5,2,3.5,1.9,0,0,2.4,3.5,3.1,3.3,2.5,3.4,3,3.3,2.7,2.4,
Chiapas,Carencias promedio,2018,2.7,2,3.7,1.9,0,0,2.6,3.6,3.3,3.4,2.6,3.7,3.1,3.5,2.8,2.6,
Chihuahua,Porcentaje,2008,32.1,25.4,6.7,34.6,7.3,26,66.6,20.3,18.6,29.6,55.9,11.3,12.3,17.4,11.5,39.4,
Chihuahua,Porcentaje,2010,38.8,32.2,6.6,22.8,13,25.4,61.6,13.4,17.5,18.5,48.4,6.4,7,17.7,16.6,51.8,
Chihuahua,Porcentaje,2012,35.3,31.5,3.8,27.4,10.7,26.6,62.7,10.3,16.1,13.6,48.4,5.3,5.2,18.4,15.9,46,
Chihuahua,Porcentaje,2014,34.4,28.9,5.4,25.8,12,27.8,60.2,11.6,17.3,14.6,43.4,7.9,7.9,18.7,17.9,46.4,
Chihuahua,Porcentaje,2016,30.6,27.4,3.2,27.3,11.1,30.9,57.9,9.4,15.7,12.2,40.5,7.1,5.4,18.2,11.2,41.7,
Chihuahua,Porcentaje,2018,26.3,23.7,2.6,32.1,10.2,31.4,58.4,9.1,15.1,11.3,42.1,7,5,17.7,9.7,36.5,
Chihuahua,Miles de personas,2008,"1,105.10",874.6,230.5,"1,191.50",252.2,897,"2,296.60",698.3,641.1,"1,020.80","1,925.10",390.5,424.4,598.2,397.2,"1,357.30",3397.985
Chihuahua,Miles de personas,2010,"1,371.60","1,139.70",231.9,806.5,457.9,898.5,"2,178.10",474.5,617.8,654.7,"1,710.90",227.5,247.9,624.9,585.2,"1,829.40",3461.882
Chihuahua,Miles de personas,2012,"1,272.70","1,136.40",136.3,989.1,386.9,961.3,"2,261.80",372.5,580,489.7,"1,747.90",190.5,188.7,663.9,575.6,"1,659.60",3531.604
Chihuahua,Miles de personas,2014,"1,265.50","1,065.20",200.3,949.5,440.5,"1,024.40","2,215.00",426.3,635.1,536.2,"1,595.80",291.5,292.2,688,657,"1,706.00",3590.344
Chihuahua,Miles de personas,2016,"1,150.00","1,029.10",120.9,"1,026.50",417.9,"1,162.70","2,176.50",352.4,591.6,459.7,"1,523.10",267.6,201,683.3,419.6,"1,567.80",3649.416
Chihuahua,Miles de personas,2018,"1,005.70",905.9,99.8,"1,228.40",391.9,"1,200.90","2,234.10",347.3,579,432.7,"1,610.90",267.1,192.1,677.4,372.7,"1,397.60",3727.984
Chihuahua,Carencias promedio,2008,2.6,2.1,4.2,1.8,0,0,2.2,3.8,2.9,2.9,2.3,4,3.9,3.4,3,2.1,
Chihuahua,Carencias promedio,2010,2.1,1.8,3.7,1.5,0,0,1.9,3.6,2.4,2.8,2,3.3,3.4,2.6,2.2,1.6,
Chihuahua,Carencias promedio,2012,1.9,1.7,3.5,1.5,0,0,1.7,3.4,2.2,2.5,1.8,2.8,3,2.3,1.7,1.4,
Chihuahua,Carencias promedio,2014,2.1,1.7,4.1,1.5,0,0,1.8,3.7,2.5,2.8,2,3.3,3.4,2.4,2.1,1.5,
Chihuahua,Carencias promedio,2016,1.9,1.6,3.8,1.5,0,0,1.7,3.5,2.3,2.6,1.9,2.8,3,2.2,1.9,1.4,
Chihuahua,Carencias promedio,2018,1.9,1.7,3.5,1.5,0,0,1.7,3.5,2.2,2.5,1.9,2.8,3.1,2.2,1.8,1.3,
Cuidad de México,Porcentaje,2008,27.6,25.5,2.1,36.1,5,31.3,63.7,14.6,10.6,36.3,52.9,6.3,4.1,15.6,5.3,32.6,
Cuidad de México,Porcentaje,2010,28.5,26.4,2.2,34.4,5.4,31.7,62.9,13.4,9.5,32.5,52.4,7.6,3.9,15.5,6,34,
Cuidad de México,Porcentaje,2012,28.9,26.4,2.5,32.4,6.6,32.1,61.3,9.2,9.2,23.4,52.5,6.4,3,13,6.9,35.5,
Cuidad de México,Porcentaje,2014,28.4,26.7,1.7,28,8,35.7,56.3,6.8,8.8,19.9,46.3,5.4,1.7,11.7,8.2,36.4,
Cuidad de México,Porcentaje,2016,27.6,25.8,1.8,28.9,6.8,36.7,56.5,6.8,8.4,19.6,47,5.9,2.1,11.5,7.5,34.4,
Cuidad de México,Porcentaje,2018,30.6,28.8,1.7,28.4,7.8,33.3,58.9,7.4,8.1,20.1,48.3,5.1,2.9,13.9,7.8,38.3,
Cuidad de México,Miles de personas,2008,"2,465.70","2,276.60",189.1,"3,219.60",449.6,"2,794.40","5,685.30","1,307.60",948.3,"3,245.30","4,725.60",564.2,365.6,"1,390.50",471.8,"2,915.30",8942.665
Cuidad de México,Miles de personas,2010,"2,537.20","2,344.80",192.4,"3,055.80",481.5,"2,814.10","5,592.90","1,194.90",847.4,"2,885.40","4,656.60",672.3,348.8,"1,381.30",532.2,"3,018.60",8981.871
Cuidad de México,Miles de personas,2012,"2,565.30","2,346.30",219,"2,872.10",585.1,"2,852.20","5,437.40",814.2,813.9,"2,072.80","4,660.20",570.3,270.3,"1,157.50",610,"3,150.40",9049.1
Cuidad de México,Miles de personas,2014,"2,502.50","2,351.90",150.5,"2,465.50",706.2,"3,146.00","4,967.90",597.3,779.5,"1,759.10","4,081.80",480.2,145.7,"1,031.50",723.3,"3,208.60",9062.022
Cuidad de México,Miles de personas,2016,"2,434.40","2,279.30",155.1,"2,548.60",599.3,"3,239.50","4,983.00",604.3,744.3,"1,732.10","4,150.20",521.2,184.7,"1,014.20",665.3,"3,033.70",9053.99
Cuidad de México,Miles de personas,2018,"2,682.70","2,529.40",153.3,"2,490.80",681.7,"2,926.10","5,173.50",649.9,712.9,"1,761.30","4,245.50",445.9,256.3,"1,218.00",687.6,"3,364.40",9041.395
Cuidad de México,Carencias promedio,2008,2.2,2.1,3.5,1.8,0,0,2,3.3,2.5,2.5,2.1,3.2,2.9,2.6,2.3,1.8,
Cuidad de México,Carencias promedio,2010,2.1,2,3.5,1.8,0,0,1.9,3.3,2.4,2.4,2.1,2.9,2.9,2.6,2.2,1.8,
Cuidad de México,Carencias promedio,2012,2,1.8,3.4,1.6,0,0,1.8,3.3,2.3,2.3,1.8,2.8,3.2,2.5,2.1,1.6,
Cuidad de México,Carencias promedio,2014,1.8,1.7,3.2,1.6,0,0,1.7,3.2,2.1,2.3,1.8,2.4,2.7,2.2,1.8,1.4,
Cuidad de México,Carencias promedio,2016,1.8,1.7,3.3,1.6,0,0,1.7,3.2,2.1,2.2,1.8,2.5,2.8,2.2,1.8,1.4,
Cuidad de México,Carencias promedio,2018,1.8,1.7,3.2,1.6,0,0,1.7,3.2,2.1,2.3,1.8,2.5,2.6,2.1,1.7,1.4,
Durango,Porcentaje,2008,48.4,37,11.5,24.6,8.2,18.8,73,27.5,21.6,37.2,59,11.8,17.6,22,20,56.7,
Durango,Porcentaje,2010,51.6,41.1,10.5,21.1,8.8,18.6,72.6,23.7,19,27.5,58.7,11.3,18.5,20.3,23.4,60.3,
Durango,Porcentaje,2012,50.1,42.6,7.5,21.8,11.1,17,71.8,17.1,16.1,17.8,57.9,9.4,13,21.4,25,61.2,
Durango,Porcentaje,2014,43.5,38.2,5.3,24.3,10.5,21.8,67.8,13.2,15.5,16.5,51.3,5.8,13,19.9,20.7,53.9,
Durango,Porcentaje,2016,36,33.2,2.8,29.9,9.4,24.7,65.9,10.3,14.4,14.1,49,7,8.1,18.6,12.8,45.4,
Durango,Porcentaje,2018,37.3,35.1,2.2,27.1,10.3,25.3,64.4,8.5,13.6,13.1,48.1,4.8,5.7,18.8,14.4,47.6,
Durango,Miles de personas,2008,791.4,604.3,187.2,401.6,134.2,306.6,"1,193.00",448.6,353.5,608.4,963.3,192.3,287.6,359.7,327.1,925.6,1611.815
Durango,Miles de personas,2010,864.2,688.7,175.5,352.7,146.7,312,"1,216.90",396.9,318.4,460.3,983,190.1,310.3,339.5,391.4,"1,010.90",1656.602
Durango,Miles de personas,2012,858.7,730.6,128,373.5,190.9,292.3,"1,232.20",294,276.9,305.6,993.7,160.8,223.7,367.4,428.5,"1,049.50",1708.439
Durango,Miles de personas,2014,761.2,668.2,93,425.4,183.6,381.1,"1,186.70",231.6,271.5,289.7,897.7,100.9,227.4,349.3,363.4,944.9,1758.16
Durango,Miles de personas,2016,643.3,593.7,49.6,534.2,167.9,442.1,"1,177.50",184.9,257.9,251.9,876.6,125.4,144.6,332.2,228.8,811.2,1801.963
Durango,Miles de personas,2018,680,639.6,40.4,492.9,186.9,460.9,"1,172.90",155.4,246.9,237.8,875.7,87,103,341.7,262,866.9,1836.46
Durango,Carencias promedio,2008,2.5,2.1,3.7,2,0,0,2.3,3.6,2.9,2.9,2.5,3.7,3.3,3.1,2.7,2.1,
Durango,Carencias promedio,2010,2.3,1.9,3.6,1.8,0,0,2.1,3.4,2.8,2.8,2.3,3.3,2.9,2.8,2.4,1.9,
Durango,Carencias promedio,2012,2,1.7,3.4,1.7,0,0,1.9,3.3,2.5,2.7,2,2.9,2.8,2.6,1.9,1.6,
Durango,Carencias promedio,2014,1.9,1.7,3.4,1.6,0,0,1.8,3.3,2.3,2.6,2,2.9,2.6,2.3,1.9,1.5,
Durango,Carencias promedio,2016,1.8,1.6,3.6,1.6,0,0,1.7,3.3,2.2,2.6,1.8,2.7,2.5,2.2,1.8,1.4,
Durango,Carencias promedio,2018,1.7,1.6,3.3,1.5,0,0,1.6,3.2,2.1,2.4,1.8,2.5,2.5,2.1,1.5,1.3,
Guanajuato,Porcentaje,2008,44.1,36.2,7.9,36.2,4.6,15.1,80.3,30.6,25.8,36.2,66.7,13.2,16.2,27.1,13,48.7,
Guanajuato,Porcentaje,2010,48.5,40.1,8.4,28.9,5.7,16.9,77.4,24.7,23.6,25.3,65.7,9.6,18,23.7,16.5,54.2,
Guanajuato,Porcentaje,2012,44.5,37.6,6.9,32.6,4.9,18.1,77.1,22.2,23.9,19,62.1,9.8,15.3,28.5,16.9,49.3,
Guanajuato,Porcentaje,2014,46.6,41,5.5,27.7,8.6,17.2,74.2,17.7,21,15.4,57.9,9.8,14.9,22.9,17.9,55.1,
Guanajuato,Porcentaje,2016,42.4,38,4.4,30,8.2,19.5,72.3,13.9,20.1,13.4,54.5,7.7,13.5,19.8,15.6,50.6,
Guanajuato,Porcentaje,2018,43.4,39.1,4.2,29.4,7.5,19.7,72.8,14.1,19,13.7,57.1,9.1,11.9,20.7,15.9,50.9,
Guanajuato,Miles de personas,2008,"2,403.60","1,972.80",430.8,"1,976.30",250.7,824.8,"4,379.80","1,667.10","1,408.50","1,973.70","3,636.60",720.4,886.1,"1,478.00",709,"2,654.30",5331.102
Guanajuato,Miles de personas,2010,"2,703.70","2,234.20",469.5,"1,611.20",315.7,942.7,"4,314.90","1,376.30","1,315.10","1,408.60","3,663.30",532.7,"1,001.30","1,323.30",917.4,"3,019.50",5542.931
Guanajuato,Miles de personas,2012,"2,525.80","2,134.00",391.9,"1,851.30",276.6,"1,026.50","4,377.20","1,262.20","1,359.30","1,081.80","3,527.00",554,871.4,"1,617.10",958.2,"2,802.50",5703.988
Guanajuato,Miles de personas,2014,"2,683.30","2,365.70",317.6,"1,594.80",494.5,991.1,"4,278.10","1,022.80","1,207.80",888.6,"3,334.50",563.2,859.7,"1,322.30","1,032.50","3,177.80",5857.977
Guanajuato,Miles de personas,2016,"2,489.70","2,232.10",257.6,"1,760.70",482.1,"1,145.10","4,250.40",819.1,"1,181.90",790.3,"3,203.20",454.6,792.3,"1,162.10",916.5,"2,971.80",5997.487
Guanajuato,Miles de personas,2018,"2,587.80","2,334.60",253.3,"1,755.00",445.6,"1,176.50","4,342.90",840.9,"1,134.40",814.8,"3,403.70",542.1,712.6,"1,234.20",950.4,"3,033.40",6117.205
Guanajuato,Carencias promedio,2008,2.6,2.3,3.7,2,0,0,2.3,3.5,2.9,2.9,2.5,3.5,3.4,2.9,2.8,2.3,
Guanajuato,Carencias promedio,2010,2.4,2.1,3.5,1.8,0,0,2.1,3.4,2.7,2.7,2.3,3.4,3,2.9,2.6,2.1,
Guanajuato,Carencias promedio,2012,2.2,2,3.5,1.8,0,0,2.1,3.4,2.6,2.7,2.2,3.1,3.1,2.6,2.4,2,
Guanajuato,Carencias promedio,2014,2,1.8,3.6,1.7,0,0,1.9,3.4,2.5,2.7,2.1,2.9,2.9,2.6,2,1.7,
Guanajuato,Carencias promedio,2016,1.9,1.7,3.4,1.7,0,0,1.8,3.3,2.3,2.6,2,2.8,2.7,2.3,1.9,1.6,
Guanajuato,Carencias promedio,2018,1.9,1.7,3.4,1.7,0,0,1.8,3.3,2.4,2.6,1.9,2.8,2.7,2.4,1.9,1.6,
Guerrero,Porcentaje,2008,68.4,36,32.4,22.8,2,6.8,91.3,62.6,28.5,55.9,81.2,44.7,54.6,34,38.9,70.4,
Guerrero,Porcentaje,2010,67.6,35.7,31.8,23,2,7.5,90.5,60.7,28.4,38.9,78.5,40.7,56.6,42.7,38.8,69.5,
Guerrero,Porcentaje,2012,69.7,38,31.7,21.7,2.3,6.4,91.4,53.8,26.8,25.4,78.5,33.4,59,39.4,45.1,71.9,
Guerrero,Porcentaje,2014,65.2,40.8,24.5,26.2,2.6,6,91.4,51.8,26.8,19.2,78.1,32.9,58,38.5,35.6,67.9,
Guerrero,Porcentaje,2016,64.4,41.4,23,23.8,3.2,8.6,88.2,41.7,25.2,13.3,73.9,31.7,50.2,27.8,35.2,67.6,
Guerrero,Porcentaje,2018,66.5,39.7,26.8,23.2,3,7.3,89.7,46.6,23.7,13.8,75.6,28.8,58.6,35.6,38.6,69.5,
Guerrero,Miles de personas,2008,"2,319.60","1,221.40","1,098.20",773.1,67.5,228.8,"3,092.70","2,121.60",966.3,"1,893.30","2,750.90","1,514.50","1,851.60","1,151.70","1,318.40","2,387.10",3336.888
Guerrero,Miles de personas,2010,"2,330.00","1,232.40","1,097.60",791.7,68.2,258.4,"3,121.60","2,091.80",978.6,"1,342.10","2,706.50","1,403.60","1,951.20","1,471.50","1,336.50","2,398.20",3429.881
Guerrero,Miles de personas,2012,"2,442.90","1,331.40","1,111.50",760.4,78.9,222.9,"3,203.30","1,886.70",938.1,889.7,"2,752.70","1,169.30","2,068.10","1,382.30","1,581.80","2,521.80",3495.92
Guerrero,Miles de personas,2014,"2,315.40","1,447.30",868.1,928.6,94,212.3,"3,244.00","1,838.70",950.7,683.2,"2,772.70","1,167.80","2,058.20","1,365.40","1,263.10","2,409.40",3551.765
Guerrero,Miles de personas,2016,"2,314.70","1,489.50",825.2,856.1,115.6,307.5,"3,170.80","1,498.30",904.6,478.8,"2,657.50","1,137.70","1,804.70","1,000.30","1,264.80","2,430.30",3597.311
Guerrero,Miles de personas,2018,"2,412.20","1,440.80",971.4,843.3,110.4,263.2,"3,255.50","1,692.00",859.6,500.1,"2,743.00","1,046.20","2,127.60","1,290.30","1,402.30","2,522.60",3629.733
Guerrero,Carencias promedio,2008,3.5,2.9,4.2,2.6,0,0,3.3,4,4.1,3.8,3.5,4.1,4,4.1,3.8,3.4,
Guerrero,Carencias promedio,2010,3.4,2.8,4.1,2.5,0,0,3.2,3.9,3.9,3.8,3.4,4,3.8,3.8,3.7,3.3,
Guerrero,Carencias promedio,2012,3,2.4,3.8,2.3,0,0,2.9,3.7,3.6,3.7,3,3.8,3.4,3.6,3.2,2.9,
Guerrero,Carencias promedio,2014,3,2.5,3.7,2.3,0,0,2.8,3.7,3.6,3.6,2.9,3.7,3.3,3.5,3.1,2.9,
Guerrero,Carencias promedio,2016,2.7,2.2,3.6,2,0,0,2.5,3.6,3.3,3.3,2.7,3.4,3.1,3.2,2.9,2.6,
Guerrero,Carencias promedio,2018,2.8,2.3,3.7,2,0,0,2.6,3.6,3.5,3.4,2.8,3.6,3.1,3.3,3.1,2.7,
Hidalgo,Porcentaje,2008,55.2,39.8,15.3,30.5,3.4,10.9,85.7,39.5,23.7,47.4,77.2,21.3,30.1,23.9,22.7,58.6,
Hidalgo,Porcentaje,2010,54.7,41.2,13.5,27.5,4.2,13.7,82.1,34.7,23.4,29.8,71.8,13.6,31.7,29,23.8,58.8,
Hidalgo,Porcentaje,2012,52.8,42.8,10,30.7,3,13.5,83.5,25.9,20.6,18.7,71.3,12.8,28.3,25,23.8,55.8,
Hidalgo,Porcentaje,2014,54.3,42,12.3,25.8,5.1,14.8,80.1,26.8,19.1,17.3,68.9,9.2,27,31.7,24.7,59.4,
Hidalgo,Porcentaje,2016,50.6,42.6,8,31.9,4.7,12.8,82.5,23.3,18.5,14.4,72.1,11.2,28,24.5,18.2,55.3,
Hidalgo,Porcentaje,2018,43.8,37.8,6.1,38.9,3.8,13.5,82.7,21.2,17.5,14.4,70.8,9.8,25.6,22.7,14.7,47.6,
Hidalgo,Miles de personas,2008,"1,443.60","1,042.30",401.3,798.6,89.7,284.2,"2,242.20","1,034.30",620.2,"1,240.20","2,019.50",556.5,787.2,625.3,594.1,"1,533.30",2574.507
Hidalgo,Miles de personas,2010,"1,477.10","1,113.10",364,741.9,112.7,370.1,"2,219.00",938,632,804.6,"1,940.80",367.1,856.1,783.6,641.8,"1,589.80",2688.905
Hidalgo,Miles de personas,2012,"1,465.90","1,189.20",276.7,852.4,83.5,375.9,"2,318.30",718.6,572.6,518.3,"1,981.40",354.9,784.8,693.9,659.9,"1,549.40",2775.101
Hidalgo,Miles de personas,2014,"1,547.80","1,197.40",350.5,735.6,145.5,421.4,"2,283.40",763.3,543,493.5,"1,963.90",262.2,771,903,703.5,"1,693.30",2859.239
Hidalgo,Miles de personas,2016,"1,478.80","1,244.60",234.3,932,136,374.6,"2,410.90",681.5,541.5,421.6,"2,106.10",327.9,819.4,714.6,532.9,"1,614.80",2938.756
Hidalgo,Miles de personas,2018,"1,311.10","1,129.60",181.5,"1,162.10",113.6,403.5,"2,473.20",635.3,523.4,431.6,"2,117.50",291.7,766.4,679.8,439,"1,424.70",3014.258
Hidalgo,Carencias promedio,2008,2.8,2.5,3.8,2.2,0,0,2.6,3.7,3.4,3,2.7,3.9,3.6,3.7,3.1,2.7,
Hidalgo,Carencias promedio,2010,2.6,2.3,3.7,2.1,0,0,2.4,3.6,3.2,3,2.5,3.7,3.3,3.2,2.7,2.4,
Hidalgo,Carencias promedio,2012,2.3,2,3.5,1.8,0,0,2.1,3.4,2.9,2.8,2.2,3.3,2.9,2.8,2.4,2.2,
Hidalgo,Carencias promedio,2014,2.3,2,3.5,1.8,0,0,2.2,3.4,2.9,2.8,2.3,3.6,3.1,2.9,2.5,2.1,
Hidalgo,Carencias promedio,2016,2.2,2,3.5,1.8,0,0,2,3.4,2.8,2.7,2.1,3.3,2.9,2.8,2.4,2,
Hidalgo,Carencias promedio,2018,2.1,1.9,3.4,1.8,0,0,1.9,3.4,2.7,2.6,2,3.3,2.8,2.7,2.3,1.9,
Jalisco,Porcentaje,2008,36.7,32.3,4.4,35.9,5.3,22.1,72.6,21.2,21.6,33.9,58,9.8,10.4,17.9,9.6,42,
Jalisco,Porcentaje,2010,37,31.8,5.3,33.7,6.2,23,70.7,20.2,20.6,31.9,55.4,6.7,12.8,22,14.7,43.3,
Jalisco,Porcentaje,2012,39.8,34,5.8,28.3,8.1,23.8,68.1,17,18.4,23.7,53.5,9.1,9.2,20.6,16.3,47.9,
Jalisco,Porcentaje,2014,35.4,32.1,3.2,29.6,7.9,27.1,65,12.3,17.7,19.1,49.6,6.6,7,16.5,11.2,43.3,
Jalisco,Porcentaje,2016,31.8,30,1.8,32.6,7.8,27.8,64.4,9.5,16.3,17.6,49.1,6.1,4.9,15.4,7.7,39.6,
Jalisco,Porcentaje,2018,28.4,25.5,3,36.5,7.7,27.4,64.9,11.5,17,19.4,49.8,7.1,8.1,15.1,8.3,36.1,
Jalisco,Miles de personas,2008,"2,657.10","2,336.10",321,"2,598.10",385.3,"1,601.00","5,255.20","1,532.90","1,562.90","2,458.40","4,199.60",708.7,750.1,"1,294.80",697.1,"3,042.40",7235.896
Jalisco,Miles de personas,2010,"2,766.70","2,374.30",392.4,"2,516.00",466,"1,718.80","5,282.70","1,507.90","1,540.60","2,380.50","4,134.50",500,959.5,"1,643.60","1,098.20","3,232.60",7461.855
Jalisco,Miles de personas,2012,"3,051.00","2,604.80",446.2,"2,173.10",619.6,"1,824.20","5,224.10","1,300.10","1,409.90","1,819.40","4,102.80",694.8,704,"1,579.80","1,249.10","3,670.60",7672.91
Jalisco,Miles de personas,2014,"2,780.20","2,527.00",253.2,"2,328.50",619.6,"2,132.50","5,108.70",968.2,"1,390.50","1,501.60","3,896.90",515.8,553.6,"1,299.30",880.8,"3,399.80",7870.823
Jalisco,Miles de personas,2016,"2,560.60","2,415.70",144.9,"2,621.50",626.5,"2,240.10","5,182.10",764.4,"1,313.00","1,415.10","3,952.30",487.8,390.7,"1,239.90",620.3,"3,187.10",8055.955
Jalisco,Miles de personas,2018,"2,337.60","2,093.10",244.5,"3,002.70",629.7,"2,252.60","5,340.30",949,"1,398.50","1,591.20","4,093.90",581.9,667.7,"1,242.40",685.6,"2,967.40",8238.991
Jalisco,Carencias promedio,2008,2.3,2.1,3.6,1.9,0,0,2.1,3.4,2.7,2.6,2.3,3,2.9,2.7,2.4,2,
Jalisco,Carencias promedio,2010,2.3,2,3.7,1.9,0,0,2.1,3.5,2.7,2.7,2.3,3.6,3,2.7,2.3,1.9,
Jalisco,Carencias promedio,2012,2.1,1.9,3.5,1.8,0,0,2,3.4,2.6,2.6,2.2,2.9,3.2,2.6,2.1,1.8,
Jalisco,Carencias promedio,2014,1.9,1.7,3.4,1.7,0,0,1.8,3.3,2.3,2.5,2,2.6,2.7,2.3,2,1.5,
Jalisco,Carencias promedio,2016,1.8,1.7,3.4,1.6,0,0,1.7,3.3,2.2,2.4,1.8,2.5,2.6,2.2,1.9,1.5,
Jalisco,Carencias promedio,2018,2,1.8,3.8,1.6,0,0,1.8,3.4,2.3,2.5,2,2.9,2.9,2.4,2.1,1.6,
Mexico,Porcentaje,2008,43.6,36.6,6.9,35.6,4.3,16.5,79.1,29.4,18.7,42.6,68.3,14.4,17.3,21.2,11.2,47.9,
Mexico,Porcentaje,2010,42.9,34.3,8.6,32.2,5.6,19.3,75,26.6,18.5,30.7,59,12.9,15.9,31.6,14.5,48.5,
Mexico,Porcentaje,2012,45.3,39.5,5.8,29.5,7.8,17.4,74.8,17.8,15.4,25.3,64.8,10.2,11.5,17.7,15.9,53.1,
Mexico,Porcentaje,2014,49.6,42.4,7.2,23.7,9.3,17.4,73.3,17.1,15.3,19.7,60.6,10.3,12.4,21.3,20.1,58.9,
Mexico,Porcentaje,2016,47.9,41.7,6.1,21.3,9.6,21.2,69.2,15.1,13.7,15.5,55.5,12.6,11.7,20.8,16.8,57.4,
Mexico,Porcentaje,2018,42.7,37.8,4.9,28.1,8.7,20.4,70.8,15.2,12.9,19.8,59.2,9.6,10.3,19.8,13.8,51.4,
Mexico,Miles de personas,2008,"6,578.20","5,531.70","1,046.50","5,370.90",656,"2,494.40","11,949.10","4,443.70","2,826.60","6,429.40","10,307.50","2,173.50","2,605.90","3,201.80","1,691.60","7,234.20",14918.914
Mexico,Miles de personas,2010,"6,712.10","5,370.80","1,341.20","5,031.20",878.8,"3,026.90","11,743.30","4,159.40","2,896.90","4,807.40","9,235.50","2,021.50","2,489.50","4,938.90","2,261.30","7,590.80",15377.962
Mexico,Miles de personas,2012,"7,328.70","6,383.10",945.7,"4,766.10","1,263.10","2,808.10","12,094.80","2,869.90","2,492.70","4,097.70","10,468.50","1,649.30","1,863.90","2,858.00","2,578.00","8,591.80",15820.397
Mexico,Miles de personas,2014,"8,269.90","7,063.00","1,206.90","3,944.80","1,554.10","2,904.40","12,214.60","2,856.60","2,550.60","3,280.30","10,108.60","1,715.80","2,061.00","3,550.30","3,346.80","9,823.90",16248.083
Mexico,Miles de personas,2016,"8,230.20","7,173.20","1,057.00","3,665.20","1,644.00","3,651.40","11,895.40","2,603.00","2,362.10","2,668.30","9,535.10","2,173.80","2,011.50","3,572.70","2,889.80","9,874.20",16658.503
Mexico,Miles de personas,2018,"7,546.50","6,680.80",865.7,"4,968.40","1,541.40","3,610.50","12,514.90","2,690.60","2,272.00","3,489.90","10,461.50","1,704.50","1,825.20","3,505.80","2,443.10","9,087.90",17056.666
Mexico,Carencias promedio,2008,2.6,2.4,3.7,2,0,0,2.3,3.5,3.1,2.8,2.5,3.5,3.3,3.1,2.9,2.4,
Mexico,Carencias promedio,2010,2.5,2.2,3.6,1.9,0,0,2.2,3.5,3.1,2.8,2.5,3.4,3.2,2.7,2.8,2.2,
Mexico,Carencias promedio,2012,2,1.8,3.4,1.8,0,0,1.9,3.3,2.6,2.5,2,3,2.9,2.6,2.1,1.7,
Mexico,Carencias promedio,2014,2,1.8,3.4,1.7,0,0,1.9,3.4,2.6,2.6,2,2.9,2.9,2.5,2.1,1.7,
Mexico,Carencias promedio,2016,2,1.8,3.5,1.6,0,0,1.9,3.4,2.5,2.6,2,2.9,2.8,2.5,2.2,1.7,
Mexico,Carencias promedio,2018,2,1.8,3.4,1.7,0,0,1.9,3.3,2.6,2.5,2,2.9,2.8,2.5,2.1,1.6,
Michoacán,Porcentaje,2008,55.5,40.1,15.4,31.4,2.5,10.6,86.9,47.1,31.9,55.6,77.4,22.5,26.9,31.8,22.2,58,
Michoacán,Porcentaje,2010,54.7,41.2,13.5,28.6,4.3,12.3,83.4,40.3,30.6,38.2,72.2,22.4,27.2,28.8,21.6,59.1,
Michoacán,Porcentaje,2012,54.4,39.9,14.4,30.7,3.5,11.5,85,36.6,26.1,28.6,71.6,21.1,30.4,32.2,24.2,57.9,
Michoacán,Porcentaje,2014,59.2,45.2,14,25,4.1,11.7,84.2,35.1,27.6,26.2,71.3,15.4,26.6,34.7,24.4,63.3,
Michoacán,Porcentaje,2016,55.3,45.9,9.4,27.8,4.7,12.1,83.2,28.5,27.4,22.8,68.9,14.8,24.5,25.9,21,60.1,
Michoacán,Porcentaje,2018,46,40,6.1,34.8,4.9,14.3,80.9,22.6,24.2,21.2,69.5,12.7,17.7,21.1,15.6,50.9,
Michoacán,Miles de personas,2008,"2,411.20","1,742.30",668.9,"1,365.10",109.6,460.7,"3,776.30","2,049.20","1,385.10","2,417.50","3,362.90",978.2,"1,168.30","1,383.60",964.3,"2,520.80",4265.042
Michoacán,Miles de personas,2010,"2,424.80","1,826.90",598,"1,269.20",192.5,544.1,"3,694.00","1,785.20","1,355.30","1,694.70","3,200.90",992.1,"1,205.40","1,277.90",957,"2,617.40",4397.949
Michoacán,Miles de personas,2012,"2,447.70","1,797.30",650.3,"1,381.00",157.7,515.8,"3,828.70","1,649.30","1,175.60","1,286.00","3,225.60",948.5,"1,369.40","1,450.50","1,091.60","2,605.30",4505.4
Michoacán,Miles de personas,2014,"2,708.60","2,066.80",641.9,"1,142.40",186.4,534.2,"3,851.10","1,605.50","1,260.30","1,198.20","3,258.00",705.7,"1,214.50","1,584.60","1,116.60","2,895.10",4601.241
Michoacán,Miles de personas,2016,"2,565.90","2,130.50",435.3,"1,290.10",219.3,561.5,"3,855.90","1,320.50","1,268.30","1,056.10","3,193.20",686.8,"1,134.80","1,202.00",973.7,"2,785.20",4684.829
Michoacán,Miles de personas,2018,"2,161.90","1,877.60",284.4,"1,634.40",228.7,670.3,"3,796.30","1,062.00","1,134.30",995.1,"3,262.20",595.6,829.7,988.8,730.6,"2,390.60",4757.482
Michoacán,Carencias promedio,2008,3.1,2.7,4.1,2.4,0,0,2.8,3.8,3.6,3.2,3,4.1,3.9,3.7,3.3,3,
Michoacán,Carencias promedio,2010,2.8,2.5,3.9,2.2,0,0,2.6,3.7,3.3,3.2,2.8,3.7,3.6,3.5,3.1,2.6,
Michoacán,Carencias promedio,2012,2.6,2.2,3.7,2.2,0,0,2.5,3.7,3.2,3.2,2.6,3.7,3.4,3.2,2.8,2.5,
Michoacán,Carencias promedio,2014,2.5,2.2,3.7,2,0,0,2.4,3.6,3,3.1,2.5,3.6,3.3,3.1,2.8,2.4,
Michoacán,Carencias promedio,2016,2.3,2.1,3.6,2,0,0,2.2,3.5,2.8,2.9,2.4,3.5,3.1,2.9,2.4,2.2,
Michoacán,Carencias promedio,2018,2.2,2,3.6,1.9,0,0,2.1,3.5,2.7,2.8,2.2,3.3,3.2,2.9,2.3,2,
Morelos,Porcentaje,2008,48.8,40.1,8.7,34.1,3.1,13.9,83,33.7,21.6,38.4,72.3,15.8,22.8,25,17.5,52,
Morelos,Porcentaje,2010,43.2,36.3,6.9,33.6,5.8,17.3,76.9,26.9,19.3,29.9,64.6,15.7,20.6,22,13.9,49.1,
Morelos,Porcentaje,2012,45.5,39.1,6.3,32,4.6,17.9,77.5,25.8,19.2,22.3,64.4,14.8,18.6,30.7,15,50.1,
Morelos,Porcentaje,2014,52.3,44.4,7.9,25.7,6.1,15.8,78,24,16.6,16.6,66.2,13.4,24.6,26.9,20.5,58.4,
Morelos,Porcentaje,2016,49.5,43.6,5.9,24.4,7.9,18.1,73.9,17.3,16.4,15,62.1,10.9,17,19.5,16.4,57.5,
Morelos,Porcentaje,2018,50.8,43.4,7.4,29.4,5.7,14,80.2,20.4,16.9,16.8,66.5,11.3,19.9,24.6,19.6,56.6,
Morelos,Miles de personas,2008,857.6,704.5,153.1,599.4,55.1,244.3,"1,457.00",591.8,380.2,674.7,"1,270.60",277.2,401.3,439.1,307.9,912.7,1734.467
Morelos,Miles de personas,2010,782.2,656.7,125.4,608.4,105.6,312.7,"1,390.60",486.1,348.5,541.4,"1,168.30",284.7,371.8,397.3,251.6,887.8,1797.092
Morelos,Miles de personas,2012,843.5,726.3,117.2,594.7,85.4,332.2,"1,438.20",479.1,356,413.8,"1,194.80",274.5,345.5,570,278.8,928.9,1852.263
Morelos,Miles de personas,2014,993.7,844.5,149.3,489.4,116.8,301.2,"1,483.10",456,314.8,316.1,"1,258.40",255.2,467.9,510.4,390.3,"1,110.50",1905.274
Morelos,Miles de personas,2016,965.9,850.5,115.4,475.6,154.8,353.3,"1,441.40",336.5,319.7,293.3,"1,211.20",212.8,330.8,380.1,320,"1,120.60",1954.717
Morelos,Miles de personas,2018,"1,013.30",866.4,147,586.8,114.4,279.6,"1,600.20",406.3,337.1,335.3,"1,326.20",225.2,397.4,490.4,391.5,"1,127.80",2000.527
Morelos,Carencias promedio,2008,2.5,2.3,3.6,2.1,0,0,2.4,3.5,3.1,2.9,2.5,3.5,3.2,3.1,2.6,2.4,
Morelos,Carencias promedio,2010,2.4,2.1,3.7,2.1,0,0,2.2,3.5,2.9,2.8,2.4,3.3,3.1,3,2.6,2.1,
Morelos,Carencias promedio,2012,2.3,2.1,3.6,2,0,0,2.2,3.5,2.9,2.9,2.3,3.4,3.2,2.8,2.4,2.1,
Morelos,Carencias promedio,2014,2.2,2,3.6,1.9,0,0,2.1,3.4,2.8,2.8,2.2,3.3,3,2.8,2.3,2,
Morelos,Carencias promedio,2016,2,1.8,3.4,1.7,0,0,1.9,3.4,2.6,2.5,2,3.1,2.8,2.6,2.1,1.7,
Morelos,Carencias promedio,2018,2.1,1.8,3.4,1.7,0,0,1.9,3.4,2.7,2.7,2.1,3,2.8,2.6,2.2,1.9,
Nayarit,Porcentaje,2008,41.7,35.5,6.2,34.5,4.4,19.4,76.2,23.2,21.3,30.3,66.2,12.4,14.9,18.2,14.4,46.1,
Nayarit,Porcentaje,2010,41.4,33,8.3,33.4,4.3,20.9,74.8,21.9,20.2,22.8,61.7,12.8,16.4,23.6,17.8,45.7,
Nayarit,Porcentaje,2012,47.6,35.7,11.9,28.2,5.6,18.6,75.8,22.2,19.3,18.3,62.6,11.9,19.6,28.8,23.4,53.2,
Nayarit,Porcentaje,2014,40.5,32,8.5,29.4,6.5,23.5,69.9,17.9,17.4,16.3,54.4,10.1,15.3,24.1,18.8,47,
Nayarit,Porcentaje,2016,37.5,29.6,7.9,31.4,6,25.1,69,17.2,16.8,15,55.8,9.7,18.2,19.9,16.4,43.5,
Nayarit,Porcentaje,2018,34.8,28.9,5.9,35.9,4.9,24.4,70.7,16.1,17,13.7,56.1,11.9,17.2,18.9,13.5,39.7,
Nayarit,Miles de personas,2008,444.1,377.9,66.2,366.8,46.8,206.2,810.9,247.3,226.7,322.3,704.2,132.4,159,193.4,153.5,490.9,1045.326
Nayarit,Miles de personas,2010,461.2,368.6,92.7,372.9,48.1,233,834.1,244.5,225.7,254.7,688.5,142.6,183.4,263.6,198.2,509.4,1094.434
Nayarit,Miles de personas,2012,553.5,414.9,138.7,327.9,64.6,216.2,881.4,258.1,224.7,213,727.1,137.8,228.2,334.6,271.9,618.2,1135.531
Nayarit,Miles de personas,2014,488.8,386.7,102.1,355.4,78.6,284.1,844.2,216.3,209.5,196.3,656,122.1,184.8,291.3,226.9,567.4,1176.131
Nayarit,Miles de personas,2016,470.1,370.8,99.4,393.7,74.9,314.1,863.9,215,210.7,188.5,698.8,121,227.9,249.7,205.8,545,1214.627
Nayarit,Miles de personas,2018,451,374.7,76.2,466.1,63.5,316.4,917.1,208.6,220.7,177.1,727.3,154,223.4,245.2,174.6,514.5,1252.363
Nayarit,Carencias promedio,2008,2.3,2,3.7,2,0,0,2.1,3.6,2.8,2.8,2.3,3.6,3.4,3.2,2.4,2.1,
Nayarit,Carencias promedio,2010,2.3,2,3.9,1.8,0,0,2.1,3.7,2.7,2.9,2.3,3.5,3.5,3,2.6,2.1,
Nayarit,Carencias promedio,2012,2.4,1.8,4,1.7,0,0,2.1,3.7,2.7,3,2.3,3.8,3.4,3,2.7,2.1,
Nayarit,Carencias promedio,2014,2.2,1.8,3.7,1.6,0,0,2,3.5,2.4,2.7,2.2,3.4,3.1,2.7,2.4,1.9,
Nayarit,Carencias promedio,2016,2.2,1.8,3.8,1.7,0,0,2,3.5,2.6,2.7,2.1,3.4,3,2.7,2.5,1.9,
Nayarit,Carencias promedio,2018,2.2,1.8,3.9,1.6,0,0,1.9,3.6,2.6,2.6,2.1,3.3,3.1,2.9,2.5,1.9,
Nuevo León,Porcentaje,2008,21.4,18.8,2.6,36.5,7.2,34.9,57.9,12.2,15,24.8,44.3,8.3,8.5,10.8,6.1,28.6,
Nuevo León,Porcentaje,2010,21,19.2,1.8,31.6,8.2,39.1,52.6,9.4,13.1,18.6,37.2,6.8,3.2,15.7,6,29.2,
Nuevo León,Porcentaje,2012,23.2,20.8,2.4,29.1,8.4,39.2,52.3,9.3,12.7,15.5,37,7,3.3,17.6,8.8,31.7,
Nuevo León,Porcentaje,2014,20.4,19,1.3,28,9.1,42.5,48.4,6.7,10.8,13.7,33.4,4.6,4.3,14.2,6.4,29.5,
Nuevo León,Porcentaje,2016,14.2,13.6,0.6,34.6,5.3,45.9,48.8,6.7,10.7,13.3,33.6,5,2.7,14.4,3.1,19.6,
Nuevo León,Porcentaje,2018,14.5,14.1,0.5,34.4,6.6,44.5,49,4.4,10.1,13,34.6,3.1,2.4,12.2,3.1,21.1,
Nuevo León,Miles de personas,2008,976.3,857.5,118.7,"1,667.30",330.4,"1,595.40","2,643.60",557,685.5,"1,133.90","2,024.10",380,389.2,491.4,280.4,"1,306.60",4538.945
Nuevo León,Miles de personas,2010,994.4,908,86.4,"1,496.50",388.3,"1,852.20","2,490.90",444.8,620.4,880.3,"1,759.40",322.7,149.3,740.9,285.5,"1,382.70",4712.645
Nuevo León,Miles de personas,2012,"1,132.90","1,015.30",117.5,"1,418.10",410.4,"1,911.90","2,550.90",454.4,618.1,755.2,"1,802.70",340.4,162.7,860,429.1,"1,543.30",4909.324
Nuevo León,Miles de personas,2014,"1,022.70",956,66.7,"1,406.70",458.2,"2,134.00","2,429.50",334.3,541.2,686.3,"1,679.10",229.2,217.6,710.9,319.9,"1,481.00",5108.816
Nuevo León,Miles de personas,2016,737.8,706.3,31.5,"1,790.50",275.9,"2,374.70","2,528.30",345,553.3,690.1,"1,742.00",258.2,141.5,744.7,160.3,"1,013.70",5294.203
Nuevo León,Miles de personas,2018,773,747.8,25.2,"1,832.70",350.1,"2,365.40","2,605.80",232.8,538.1,689.6,"1,839.70",162.7,127,648.9,164.1,"1,123.10",5454.848
Nuevo León,Carencias promedio,2008,2.3,2.1,3.6,1.7,0,0,1.9,3.5,2.3,2.5,2.1,3.1,3,2.6,2.3,1.7,
Nuevo León,Carencias promedio,2010,2,1.8,3.5,1.7,0,0,1.8,3.4,2.1,2.4,2,2.6,3.2,2.3,1.9,1.4,
Nuevo León,Carencias promedio,2012,2,1.8,3.5,1.6,0,0,1.8,3.3,2.1,2.5,2,2.7,3,2.2,1.9,1.4,
Nuevo León,Carencias promedio,2014,1.8,1.7,3.3,1.6,0,0,1.7,3.4,2,2.4,1.9,2.5,2.8,2,1.7,1.2,
Nuevo León,Carencias promedio,2016,1.8,1.7,3.4,1.6,0,0,1.6,3.3,2,2.4,1.8,2.5,2.6,1.9,1.7,1.3,
Nuevo León,Carencias promedio,2018,1.6,1.6,3.3,1.5,0,0,1.5,3.3,1.8,2.3,1.7,2.3,2.5,1.7,1.5,1.1,
Oaxaca,Porcentaje,2008,61.8,33.5,28.3,26.8,1.4,10,88.6,60.5,30.6,54.8,80.4,38.2,57.3,28.6,32.9,63.2,
Oaxaca,Porcentaje,2010,67,37.7,29.2,22.2,1.3,9.5,89.2,54.5,30,38.5,79.4,33.9,58,26.4,36.2,68.3,
Oaxaca,Porcentaje,2012,61.9,38.6,23.3,26.1,1.7,10.3,88,45.7,27.7,20.9,75.7,24.6,55.5,31.7,34.4,63.6,
Oaxaca,Porcentaje,2014,66.8,38.4,28.3,23.3,2.1,7.9,90,49,27.2,19.9,77.9,24.5,60.5,36.1,42.1,68.8,
Oaxaca,Porcentaje,2016,70.4,43.5,26.9,19.9,2.3,7.4,90.3,47.5,27.3,15.9,77.9,26.3,62,31.4,40.2,72.7,
Oaxaca,Porcentaje,2018,66.4,43.1,23.3,22.5,2.6,8.5,88.9,44.8,27.1,16.3,76.2,25.1,58.3,27.9,37.4,69,
Oaxaca,Miles de personas,2008,"2,354.40","1,275.50","1,079.00","1,020.30",54.2,380.6,"3,374.70","2,305.40","1,166.50","2,086.40","3,063.50","1,455.80","2,181.20","1,088.70","1,255.10","2,408.70",3747.429
Oaxaca,Miles de personas,2010,"2,596.30","1,462.80","1,133.50",859.6,50.2,369.7,"3,455.90","2,112.10","1,162.30","1,492.50","3,077.70","1,312.00","2,249.20","1,022.80","1,403.10","2,646.40",3846.563
Oaxaca,Miles de personas,2012,"2,434.60","1,518.00",916.6,"1,024.50",65.1,406.6,"3,459.10","1,798.00","1,087.90",823.4,"2,975.00",965.2,"2,182.80","1,244.60","1,351.70","2,499.70",3924.322
Oaxaca,Miles de personas,2014,"2,662.70","1,532.50","1,130.30",927.9,83.6,314.9,"3,590.70","1,954.30","1,085.20",794.9,"3,107.90",978.7,"2,412.80","1,440.30","1,679.70","2,746.30",3990.077
Oaxaca,Miles de personas,2016,"2,847.30","1,760.20","1,087.20",805.6,94.2,297.4,"3,652.90","1,922.50","1,103.80",642.1,"3,151.70","1,062.60","2,506.90","1,268.90","1,626.00","2,941.50",4046.494
Oaxaca,Miles de personas,2018,"2,714.70","1,762.80",951.8,920.9,107.8,348,"3,635.60","1,832.80","1,107.20",665.1,"3,116.60","1,027.60","2,384.40","1,142.20","1,532.10","2,822.50",4096.998
Oaxaca,Carencias promedio,2008,3.6,3.1,4.2,2.5,0,0,3.3,4,4.1,3.8,3.4,4.2,3.9,4.3,3.9,3.5,
Oaxaca,Carencias promedio,2010,3.2,2.6,4,2.3,0,0,3,3.8,3.9,3.7,3.1,3.9,3.5,4,3.5,3.1,
Oaxaca,Carencias promedio,2012,2.9,2.4,3.8,2.1,0,0,2.7,3.7,3.5,3.4,2.8,3.8,3.2,3.6,3.1,2.8,
Oaxaca,Carencias promedio,2014,2.9,2.3,3.8,2.2,0,0,2.7,3.7,3.5,3.5,2.9,3.8,3.2,3.5,3.1,2.8,
Oaxaca,Carencias promedio,2016,2.8,2.3,3.7,2.2,0,0,2.7,3.6,3.4,3.3,2.8,3.6,3.1,3.5,3,2.7,
Oaxaca,Carencias promedio,2018,2.8,2.3,3.6,2.1,0,0,2.6,3.5,3.3,3.3,2.7,3.6,3,3.4,2.9,2.6,
Puebla,Porcentaje,2008,64.6,45.6,19,22.6,4,8.8,87.2,49.1,25.7,56,78,22.6,38.8,27.1,26.9,68.6,
Puebla,Porcentaje,2010,61.5,44.5,17,21.6,5.6,11.3,83.1,40.7,25.3,40.4,72.3,19.6,37.3,27.6,27.7,67.1,
Puebla,Porcentaje,2012,64.5,46.9,17.6,22,4.2,9.4,86.4,38.9,24.1,29.6,77.1,19.4,34.8,30.1,32.9,68.7,
Puebla,Porcentaje,2014,64.5,48.4,16.2,19.8,5.1,10.5,84.4,31.5,22.9,21.2,75.2,18.9,30.6,23.9,31.9,69.7,
Puebla,Porcentaje,2016,59.4,50.5,9,21.5,6.2,12.9,80.9,23.1,19.9,17.4,69.2,14.5,25.7,20.1,23.1,65.6,
Puebla,Porcentaje,2018,58.9,50.3,8.6,23.2,6.1,11.7,82.1,23.7,19.4,20.8,72.1,11.7,26.5,20.8,22.3,65,
Puebla,Miles de personas,2008,"3,705.60","2,617.50","1,088.10","1,297.90",232,505,"5,003.60","2,819.30","1,476.50","3,216.30","4,480.40","1,294.60","2,226.80","1,553.80","1,543.60","3,937.70",5725.491
Puebla,Miles de personas,2010,"3,616.30","2,614.50","1,001.70","1,271.20",327.4,666.8,"4,887.40","2,394.00","1,485.60","2,378.50","4,250.50","1,153.00","2,196.40","1,620.90","1,626.80","3,943.70",5869.069
Puebla,Miles de personas,2012,"3,878.10","2,819.00","1,059.10","1,320.90",253.9,562.5,"5,199.00","2,340.60","1,449.10","1,783.50","4,637.60","1,166.00","2,095.20","1,813.40","1,981.60","4,132.00",6037.918
Puebla,Miles de personas,2014,"3,958.80","2,967.50",991.3,"1,217.50",314.1,643.8,"5,176.30","1,929.20","1,407.50","1,298.90","4,610.10","1,161.40","1,877.70","1,463.20","1,953.90","4,272.90",6198.759
Puebla,Miles de personas,2016,"3,728.20","3,166.30",561.9,"1,347.20",389.3,807.5,"5,075.40","1,452.00","1,249.00","1,090.00","4,340.10",907.4,"1,613.10","1,260.50","1,449.80","4,117.50",6345.952
Puebla,Miles de personas,2018,"3,763.70","3,211.70",551.9,"1,483.90",391.2,749.3,"5,247.60","1,514.60","1,241.80","1,328.90","4,604.10",744.7,"1,692.10","1,331.40","1,424.40","4,154.90",6478.819
Puebla,Carencias promedio,2008,3,2.7,4,2.3,0,0,2.8,3.8,3.7,3.3,3,4,3.7,3.7,3.3,2.9,
Puebla,Carencias promedio,2010,2.8,2.4,3.9,2.2,0,0,2.7,3.8,3.6,3.2,2.8,4,3.5,3.4,3,2.6,
Puebla,Carencias promedio,2012,2.6,2.2,3.7,2.2,0,0,2.5,3.6,3.3,3.1,2.6,3.7,3.3,3.1,2.7,2.4,
Puebla,Carencias promedio,2014,2.4,2,3.6,1.9,0,0,2.3,3.5,3.1,2.9,2.4,3.4,3.1,3,2.6,2.2,
Puebla,Carencias promedio,2016,2.2,1.9,3.5,1.7,0,0,2.1,3.5,2.8,2.8,2.2,3.2,2.9,2.8,2.3,2,
Puebla,Carencias promedio,2018,2.2,1.9,3.6,1.8,0,0,2.1,3.5,2.9,2.8,2.2,3.3,2.9,2.8,2.3,2,
Querétaro,Porcentaje,2008,35.2,29.8,5.5,35,5.1,24.7,70.2,21,20.4,26.8,57.7,11.9,14.2,17.9,11,40.3,
Querétaro,Porcentaje,2010,41.4,34,7.4,31.7,5,21.8,73.2,20.2,19.5,22.1,60.6,9.9,17.6,21.3,16,46.4,
Querétaro,Porcentaje,2012,36.9,31.8,5.2,32.6,6.4,24,69.6,16.9,17.5,15.5,56.7,10.9,14.9,19.8,14.7,43.3,
Querétaro,Porcentaje,2014,34.2,30.3,3.9,33.1,7.8,24.9,67.3,14.2,16.4,15.8,54.3,8.9,14.8,15.8,12.3,42,
Querétaro,Porcentaje,2016,31.1,28.2,2.9,32,8.9,27.9,63.1,11.5,14.2,13.2,48.4,9.7,12.7,13.4,10,40.1,
Querétaro,Porcentaje,2018,27.6,25.6,2,38,6.3,28.1,65.6,11.1,14.8,11.8,52.7,8.5,12.7,13.9,7.7,33.9,
Querétaro,Miles de personas,2008,629.1,531.5,97.6,625.9,91,440.6,"1,255.00",375.7,364.7,478.6,"1,030.50",212.3,254.5,320.4,195.9,720.1,1754.614
Querétaro,Miles de personas,2010,767,629.5,137.5,587.9,93,404.3,"1,354.90",374.2,361.3,408.7,"1,122.50",183.1,325.6,393.8,297.1,860,1842.364
Querétaro,Miles de personas,2012,707.4,608.7,98.7,625.4,123,460.4,"1,332.90",324.2,335.3,296.8,"1,087.30",209.7,286.1,380.4,280.8,830.4,1930.886
Querétaro,Miles de personas,2014,675.7,599.6,76.1,654.2,154.7,492.5,"1,329.80",280.3,324.4,312.7,"1,073.80",176.7,292.4,311.8,242.7,830.4,2023.82
Querétaro,Miles de personas,2016,635.7,576,59.7,653.7,182.5,570.8,"1,289.40",235.2,290.8,269.1,989.4,198.4,260.3,273.2,203.3,818.2,2113.731
Querétaro,Miles de personas,2018,579.2,538,41.2,798.4,133.2,589.2,"1,377.60",232.3,310.3,248.5,"1,106.00",178,266.1,291.3,161.1,712.4,2197.938
Querétaro,Carencias promedio,2008,2.3,2.1,3.8,1.9,0,0,2.1,3.5,2.7,2.7,2.3,3.3,3.2,2.7,2.7,2,
Querétaro,Carencias promedio,2010,2.2,2,3.6,1.8,0,0,2.1,3.4,2.7,2.7,2.2,3.1,3,2.7,2.5,2,
Querétaro,Carencias promedio,2012,2.1,1.9,3.6,1.8,0,0,1.9,3.5,2.6,2.6,2.1,3.1,3,2.7,2.2,1.8,
Querétaro,Carencias promedio,2014,2,1.8,3.6,1.7,0,0,1.9,3.4,2.5,2.5,2,3.1,2.9,2.5,2,1.6,
Querétaro,Carencias promedio,2016,1.9,1.7,3.5,1.7,0,0,1.8,3.3,2.4,2.5,1.9,2.5,2.6,2.3,1.9,1.5,
Querétaro,Carencias promedio,2018,1.9,1.8,3.4,1.6,0,0,1.7,3.4,2.4,2.5,1.8,2.7,2.6,2.4,1.9,1.5,
Quintana Roo,Porcentaje,2008,33.7,26,7.7,38.4,5,23,72.1,26.5,18.7,34.6,58.4,25.8,12.9,14.8,13.1,38.6,
Quintana Roo,Porcentaje,2010,34.6,28.2,6.4,36.1,4.7,24.6,70.7,23.3,18.3,24.3,53.8,21.7,15.2,21.8,12.1,39.4,
Quintana Roo,Porcentaje,2012,38.8,30.4,8.4,30.4,6.2,24.6,69.2,21.8,17.6,21.2,54.9,19.7,14.5,18.6,16.6,45,
Quintana Roo,Porcentaje,2014,35.9,28.9,7,34.2,6.3,23.7,70,20.8,15.1,18.5,51.5,18.4,18.1,23.2,14.3,42.1,
Quintana Roo,Porcentaje,2016,28.8,24.6,4.2,38.4,4.3,28.4,67.3,18.3,15,17.6,49,17,19.5,16.4,9.3,33.2,
Quintana Roo,Porcentaje,2018,27.6,24.1,3.5,41.2,4.1,27.1,68.8,20.9,15,15.6,51.7,21,21.8,17.9,6.9,31.7,
Quintana Roo,Miles de personas,2008,428.1,329.9,98.3,487.6,63,292,915.8,336.2,237.2,439.4,742.6,327.3,164.4,187.5,166.4,491.1,1250.391
Quintana Roo,Miles de personas,2010,471.7,384.2,87.5,491.5,64.6,334.5,963.2,317.9,250,331.3,732.5,295.4,207.5,297.1,164.2,536.3,1332.929
Quintana Roo,Miles de personas,2012,563.3,441.1,122.2,441.7,89.9,357.2,"1,005.00",317.1,256,308.5,796.9,285.3,211.1,270.4,240.5,653.2,1406.411
Quintana Roo,Miles de personas,2014,553,445.5,107.6,526.3,96.3,365.5,"1,079.30",321.2,233.5,284.6,793.5,283.9,278.4,358.2,220.4,649.4,1485.51
Quintana Roo,Miles de personas,2016,471,401.9,69.2,627.2,70.4,464.3,"1,098.20",299.6,244.9,287.8,799.9,277.4,318.5,267.7,151.2,541.4,1564.92
Quintana Roo,Miles de personas,2018,474.8,415.1,59.8,710,70.5,467.3,"1,184.80",359.7,259.1,269.3,891.2,361.5,375.1,308.7,119.7,545.3,1645.237
Quintana Roo,Carencias promedio,2008,2.7,2.3,3.9,2,0,0,2.3,3.6,3,2.9,2.5,3.1,3.6,3.1,2.9,2.3,
Quintana Roo,Carencias promedio,2010,2.4,2.2,3.6,2,0,0,2.2,3.5,2.8,2.8,2.4,2.9,3.1,2.8,2.6,2.1,
Quintana Roo,Carencias promedio,2012,2.3,2,3.5,1.9,0,0,2.1,3.4,2.8,2.7,2.3,2.9,3,2.8,2.5,2,
Quintana Roo,Carencias promedio,2014,2.3,2,3.5,1.8,0,0,2.1,3.4,2.8,2.7,2.3,2.9,3,2.5,2.5,2,
Quintana Roo,Carencias promedio,2016,2.3,2.1,3.5,1.8,0,0,2,3.4,2.7,2.7,2.2,2.7,2.8,2.6,2.4,2,
Quintana Roo,Carencias promedio,2018,2.4,2.2,3.6,1.9,0,0,2.1,3.4,2.8,2.8,2.3,2.8,2.9,2.7,2.6,2.1,
San Luis Potosí,Porcentaje,2008,50.9,35.5,15.4,25.4,6.4,17.3,76.3,35.9,23,34.4,64.4,22.6,29.1,23.4,22.2,57.3,
San Luis Potosí,Porcentaje,2010,52.4,37.1,15.3,20.9,7.2,19.5,73.3,30.6,22.2,19,57.3,16.3,32.3,30.1,26,59.6,
San Luis Potosí,Porcentaje,2012,50.5,37.7,12.8,24.7,6.6,18.3,75.2,26.9,21.2,14,61.6,13.5,32.5,24.7,23.3,57.1,
San Luis Potosí,Porcentaje,2014,49.1,39.6,9.5,24.3,7.6,19,73.4,20.5,18.4,10.7,59.1,11,28.1,21.6,23.2,56.7,
San Luis Potosí,Porcentaje,2016,45.5,37.8,7.7,24.6,8,21.9,70.2,17.7,17.5,9.1,55.6,9.7,24.7,20.1,20.4,53.5,
San Luis Potosí,Porcentaje,2018,43.4,36.1,7.3,27.7,7.4,21.5,71.1,16,16.9,9,55.5,8.6,26.4,17,19,50.8,
San Luis Potosí,Miles de personas,2008,"1,304.40",909.7,394.8,649.4,163.9,443.3,"1,953.80",918.3,588.9,879.9,"1,649.40",577.8,746.2,598.3,568,"1,468.30",2561.307
San Luis Potosí,Miles de personas,2010,"1,375.30",972.7,402.6,549.5,189.1,510.6,"1,924.80",803.9,583,499.5,"1,503.90",428.4,847.7,789.7,681.9,"1,564.40",2621.113
San Luis Potosí,Miles de personas,2012,"1,354.20","1,011.20",342.9,660.7,175.8,489.1,"2,014.90",720.8,568.7,376,"1,650.20",361.2,870.7,661.9,623.3,"1,530.00",2680.708
San Luis Potosí,Miles de personas,2014,"1,338.10","1,079.60",258.5,662.3,208.2,516.6,"2,000.40",558.8,502.6,291.9,"1,611.00",299.8,767,589.9,632.7,"1,546.30",2733.855
San Luis Potosí,Miles de personas,2016,"1,267.70","1,053.90",213.8,686,221.7,609.6,"1,953.70",491.7,486.7,253.1,"1,549.50",270.1,688.6,559.9,568.6,"1,489.40",2781.457
San Luis Potosí,Miles de personas,2018,"1,229.00","1,021.40",207.6,784.8,208.9,609.2,"2,013.80",452.1,479.5,253.6,"1,572.20",242.8,747.8,480,538.8,"1,437.90",2825.157
San Luis Potosí,Carencias promedio,2008,2.8,2.4,3.9,2.1,0,0,2.6,3.7,3.3,3.2,2.8,3.8,3.6,3.5,3.1,2.5,
San Luis Potosí,Carencias promedio,2010,2.6,2.2,3.8,1.9,0,0,2.4,3.7,3,3.1,2.7,3.8,3.2,3.1,2.8,2.3,
San Luis Potosí,Carencias promedio,2012,2.4,2,3.7,1.8,0,0,2.2,3.5,2.9,2.9,2.4,3.6,3,2.9,2.7,2.1,
San Luis Potosí,Carencias promedio,2014,2.2,1.9,3.6,1.7,0,0,2,3.5,2.6,2.8,2.2,3.4,2.8,2.8,2.3,1.9,
San Luis Potosí,Carencias promedio,2016,2.1,1.8,3.5,1.7,0,0,1.9,3.4,2.6,2.7,2.1,3.3,2.7,2.6,2.2,1.8,
San Luis Potosí,Carencias promedio,2018,2,1.8,3.4,1.6,0,0,1.9,3.3,2.5,2.5,2,3.1,2.6,2.5,2.2,1.7,
Sinaloa,Porcentaje,2008,32.4,27.8,4.6,40.9,3.5,23.2,73.3,25.3,21.2,29.2,58.8,14.2,18.6,22.7,8.1,35.9,
Sinaloa,Porcentaje,2010,36.7,31.2,5.5,33.3,7.7,22.3,70,19,19.3,21.4,53.6,8.5,15.7,24.5,14.2,44.4,
Sinaloa,Porcentaje,2012,36.3,31.8,4.5,33.5,6.4,23.8,69.8,18.5,18.4,16.6,52.7,10.1,16.1,25.9,13.4,42.6,
Sinaloa,Porcentaje,2014,39.4,34.1,5.3,30.4,6.9,23.4,69.7,19.7,19.1,15.2,49.3,10.8,18,29.6,13.5,46.3,
Sinaloa,Porcentaje,2016,30.8,27.9,2.9,32.8,7.4,28.9,63.7,14.3,15.8,12.2,44.7,11.3,12.8,22.7,8.7,38.2,
Sinaloa,Porcentaje,2018,30.9,28.2,2.7,34.5,6.5,28.1,65.4,15,16.5,13.2,45.4,8.5,14.9,24.5,7.5,37.4,
Sinaloa,Miles de personas,2008,905.6,776.7,128.9,"1,143.90",97.2,649,"2,049.50",706.8,594,816.4,"1,644.10",396.7,520.7,636,226.7,"1,002.80",2745.887
Sinaloa,Miles de personas,2010,"1,048.60",892.4,156.3,953.3,219.8,638,"2,002.00",542,553.2,610.6,"1,533.10",242,448.3,701.2,405.4,"1,268.50",2806.695
Sinaloa,Miles de personas,2012,"1,055.60",925.4,130.2,976.4,185.6,693.5,"2,032.00",539.9,536,482.3,"1,534.20",293.9,467.4,753,389.7,"1,241.20",2893.415
Sinaloa,Miles de personas,2014,"1,167.10","1,011.20",155.8,900.3,204.6,692.5,"2,067.30",583.6,566.1,450.5,"1,462.50",319.5,532.9,878.5,399.2,"1,371.60",2976.48
Sinaloa,Miles de personas,2016,929.7,842.6,87.1,991.2,223.9,873,"1,920.90",431.5,477.7,368.5,"1,349.20",340.1,385.9,686.2,263.1,"1,153.60",3049.383
Sinaloa,Miles de personas,2018,946.9,864.6,82.3,"1,059.10",198.5,861.9,"2,006.00",458.8,506.7,403.6,"1,392.30",260.7,457.4,752,230,"1,145.40",3104.61
Sinaloa,Carencias promedio,2008,2.5,2.3,3.9,2,0,0,2.2,3.6,2.8,2.9,2.5,3.5,3.3,3,2.9,2.3,
Sinaloa,Carencias promedio,2010,2.2,2,3.6,1.8,0,0,2,3.5,2.6,2.7,2.3,3.5,3.2,2.7,2.2,1.8,
Sinaloa,Carencias promedio,2012,2.2,2,3.7,1.8,0,0,2,3.5,2.6,2.7,2.2,3.3,3.2,2.6,2.1,1.9,
Sinaloa,Carencias promedio,2014,2.2,2,3.5,1.8,0,0,2,3.5,2.6,2.7,2.2,3.4,3.2,2.6,2.1,1.9,
Sinaloa,Carencias promedio,2016,2.1,1.9,3.7,1.7,0,0,1.9,3.5,2.5,2.7,2.1,3.1,3,2.5,2.1,1.7,
Sinaloa,Carencias promedio,2018,2.1,2,3.7,1.7,0,0,1.9,3.5,2.4,2.7,2.1,3.2,2.9,2.4,2.2,1.8,
Sonora,Porcentaje,2008,27.1,22.8,4.4,38.7,4.3,30,65.8,18.8,16.1,22.6,49,13.4,13,21.2,7.8,31.4,
Sonora,Porcentaje,2010,33.1,28,5.1,31.6,6.8,28.4,64.8,18.9,14,22.7,46.2,11.7,15.3,25.8,10.9,40,
Sonora,Porcentaje,2012,29.1,24.2,5,36.6,4.7,29.6,65.7,16.2,13.6,17.1,46.8,10.2,12.6,26,10.2,33.8,
Sonora,Porcentaje,2014,29.4,26.1,3.3,32.1,7.3,31.3,61.4,12.9,12.1,14.4,41.8,10.1,8.9,24.9,9.7,36.6,
Sonora,Porcentaje,2016,27.9,25.3,2.5,30.9,8.2,33,58.8,11.7,12.3,14.7,41.2,9.5,9.7,21,7.5,36.1,
Sonora,Porcentaje,2018,28.2,25.6,2.6,30.1,8.7,33,58.3,12.1,11.4,12.6,41,8.6,10.7,21.5,8.4,36.9,
Sonora,Miles de personas,2008,716.9,601.8,115.2,"1,021.90",112.7,792.4,"1,738.80",496.3,426.8,598.5,"1,295.40",353,342.4,561.4,205.9,829.6,2590.98
Sonora,Miles de personas,2010,905.2,765.1,140.1,863,186.9,775.5,"1,768.10",516.3,381.7,620,"1,260.80",318.6,416.5,704.3,296.6,"1,092.10",2687.48
Sonora,Miles de personas,2012,821.3,681.5,139.8,"1,031.10",133,835,"1,852.40",457.3,382.3,481.9,"1,319.80",286.5,356.6,733.9,286.4,954.3,2769.535
Sonora,Miles de personas,2014,852.1,756.5,95.6,930.6,210.9,908.8,"1,782.70",373.3,351.6,418.5,"1,213.30",294,257.4,721.5,281.1,"1,063.00",2847.816
Sonora,Miles de personas,2016,831.4,756.1,75.3,922.7,244.4,985.3,"1,754.20",349.7,367.2,438.3,"1,229.40",283.5,290.1,625.6,224.3,"1,075.80",2922.666
Sonora,Miles de personas,2018,863,782.4,80.6,921.3,267.1,"1,010.50","1,784.30",369.8,350,386.8,"1,255.10",264.4,328.3,659.3,256.1,"1,130.20",3000.127
Sonora,Carencias promedio,2008,2.4,2.2,3.7,1.8,0,0,2.1,3.6,2.6,2.8,2.3,3.2,3.2,2.8,2.7,2.1,
Sonora,Carencias promedio,2010,2.4,2.1,3.8,1.8,0,0,2.1,3.6,2.7,2.9,2.4,3.3,3.3,2.6,2.5,2,
Sonora,Carencias promedio,2012,2.2,2,3.6,1.7,0,0,1.9,3.5,2.4,2.7,2.1,3,3.1,2.5,2.5,1.9,
Sonora,Carencias promedio,2014,2,1.8,3.4,1.7,0,0,1.8,3.4,2.3,2.6,2.1,2.7,2.8,2.3,1.9,1.6,
Sonora,Carencias promedio,2016,2,1.9,3.5,1.7,0,0,1.8,3.4,2.3,2.5,2,2.8,2.8,2.3,2,1.6,
Sonora,Carencias promedio,2018,2,1.8,3.5,1.7,0,0,1.8,3.4,2.4,2.6,2,2.9,2.7,2.3,1.9,1.5,
Tabasco,Porcentaje,2008,53.8,38,15.8,33.8,2.8,9.6,87.6,37.4,21.5,25.6,77.6,17.4,36.7,34.5,24.9,56.6,
Tabasco,Porcentaje,2010,57.1,43.5,13.6,27.2,4.1,11.5,84.3,39,19.8,23.9,73.3,21.7,38.9,33.3,22.4,61.2,
Tabasco,Porcentaje,2012,49.7,35.4,14.3,34,3,13.4,83.6,37.5,19.1,18.2,71.2,19.4,44.7,33.4,23.6,52.7,
Tabasco,Porcentaje,2014,49.6,38.5,11,37.5,2.3,10.6,87,38.5,17,16.9,72.7,13.4,43.9,45,17.9,51.9,
Tabasco,Porcentaje,2016,50.9,39.1,11.8,35.4,2.6,11.1,86.3,36.3,16.5,13.4,67,12.3,48.8,45.3,19.6,53.4,
Tabasco,Porcentaje,2018,53.6,41.4,12.3,33.4,2.5,10.4,87,37.2,16.5,12.6,69.1,12.3,46,46.8,20.8,56.2,
Tabasco,Miles de personas,2008,"1,188.00",839.5,348.5,745.1,61.6,212.5,"1,933.10",826.1,474.5,565.8,"1,711.70",383.8,810.2,760.7,549.3,"1,249.60",2167.689
Tabasco,Miles de personas,2010,"1,291.60",984.7,306.9,615.9,93.5,261.2,"1,907.50",882.5,448.6,540.8,"1,657.00",490.7,879.7,753.7,506.3,"1,385.10",2255.253
Tabasco,Miles de personas,2012,"1,149.40",818.6,330.8,785.4,69.5,308.9,"1,934.80",868.3,442.1,420.5,"1,646.10",449,"1,033.80",773.4,546.5,"1,218.90",2325.367
Tabasco,Miles de personas,2014,"1,169.80",909.5,260.3,883.8,55.4,250.8,"2,053.60",907.4,400.1,399.4,"1,716.70",316.5,"1,036.90","1,062.60",421.7,"1,225.20",2393.656
Tabasco,Miles de personas,2016,"1,228.10",943.9,284.2,855.8,62.6,268.5,"2,083.90",876.2,398.3,323.8,"1,618.10",297.7,"1,178.40","1,093.70",472.6,"1,290.70",2457.373
Tabasco,Miles de personas,2018,"1,320.20","1,017.70",302.5,821.8,62.1,256.8,"2,141.90",914.4,404.9,311.3,"1,699.30",302.2,"1,132.10","1,151.10",512.3,"1,382.30",2515.926
Tabasco,Carencias promedio,2008,2.7,2.3,3.7,2.1,0,0,2.4,3.6,3.3,3.2,2.6,3.6,3.3,3.3,2.9,2.5,
Tabasco,Carencias promedio,2010,2.7,2.4,3.7,2.1,0,0,2.5,3.6,3.4,3.3,2.6,3.6,3.2,3.2,2.9,2.5,
Tabasco,Carencias promedio,2012,2.7,2.4,3.6,2.1,0,0,2.5,3.6,3.4,3.2,2.6,3.5,3.1,3.2,2.8,2.6,
Tabasco,Carencias promedio,2014,2.6,2.4,3.6,2.1,0,0,2.4,3.5,3.3,3.2,2.6,3.6,3,2.9,2.9,2.5,
Tabasco,Carencias promedio,2016,2.5,2.3,3.5,2.1,0,0,2.4,3.4,3.2,3.2,2.6,3.5,2.9,2.8,2.8,2.4,
Tabasco,Carencias promedio,2018,2.5,2.3,3.5,2,0,0,2.3,3.4,3.3,3.2,2.5,3.4,2.9,2.8,2.7,2.4,
Tamaulipas,Porcentaje,2008,33.8,29,4.8,33.1,7.8,25.2,66.9,17.1,17.3,23.9,55.2,12.3,13,11.8,12.4,41.7,
Tamaulipas,Porcentaje,2010,39,33.5,5.5,26.9,9.4,24.8,65.9,15.4,14.4,20.9,51.1,9.6,16.5,13.6,14.5,48.3,
Tamaulipas,Porcentaje,2012,38.4,33.7,4.7,26.8,8.8,26,65.1,14.3,15.5,15.8,50.6,10.5,10.6,19.2,14.9,47.2,
Tamaulipas,Porcentaje,2014,37.9,33.6,4.3,24.4,11.2,26.5,62.3,12.7,16,15,45.5,8.2,11.5,19.5,16.1,49.1,
Tamaulipas,Porcentaje,2016,32.2,29.3,2.9,28.6,10.1,29.2,60.7,10.1,14.3,12.8,42.3,6.4,9.7,19.2,12.1,42.3,
Tamaulipas,Porcentaje,2018,35.1,31.8,3.3,25.7,13.2,26,60.8,9.8,14.4,12,43.4,7.7,8.9,16.7,15.1,48.3,
Tamaulipas,Miles de personas,2008,"1,097.70",940.5,157.2,"1,073.10",254.2,818.7,"2,170.80",555.4,562.6,776.4,"1,790.40",400.3,423.3,382.5,403.4,"1,351.90",3221.329
Tamaulipas,Miles de personas,2010,"1,301.70","1,118.30",183.4,899,312.8,828.3,"2,200.70",514.3,479.7,700.1,"1,708.00",319.5,549.8,455,484,"1,614.50",3310.309
Tamaulipas,Miles de personas,2012,"1,315.60","1,155.50",160.2,918.7,303,892.4,"2,234.30",491.5,531.1,540.5,"1,735.50",361.1,364.6,657.3,510.1,"1,618.70",3390.26
Tamaulipas,Miles de personas,2014,"1,330.70","1,179.10",151.6,855,393.8,929.4,"2,185.70",446.3,560,527.1,"1,597.30",288.1,403.3,684.5,566.4,"1,724.50",3461.851
Tamaulipas,Miles de personas,2016,"1,156.20","1,052.60",103.6,"1,027.00",362.9,"1,048.80","2,183.20",362.9,514.9,458.5,"1,520.90",231,350.3,691.8,433.7,"1,519.10",3527.104
Tamaulipas,Miles de personas,2018,"1,287.90","1,166.10",121.8,943.4,485.4,955.7,"2,231.30",358.4,528.5,440,"1,592.40",282.6,326.6,614.5,555.5,"1,773.30",3590.486
Tamaulipas,Carencias promedio,2008,2.2,2,3.5,1.8,0,0,2,3.4,2.5,2.6,2.1,2.9,2.9,2.7,2.2,1.8,
Tamaulipas,Carencias promedio,2010,2.1,1.9,3.6,1.6,0,0,1.9,3.4,2.5,2.6,2.1,3.1,2.7,2.7,2.2,1.7,
Tamaulipas,Carencias promedio,2012,2,1.8,3.6,1.7,0,0,1.9,3.4,2.4,2.6,2.1,2.8,2.9,2.4,2,1.6,
Tamaulipas,Carencias promedio,2014,2,1.8,3.4,1.7,0,0,1.9,3.4,2.3,2.5,2.1,2.9,2.7,2.3,1.9,1.5,
Tamaulipas,Carencias promedio,2016,1.9,1.7,3.3,1.6,0,0,1.7,3.3,2.1,2.5,1.9,2.6,2.6,2.1,1.8,1.4,
Tamaulipas,Carencias promedio,2018,1.8,1.6,3.5,1.6,0,0,1.7,3.3,2.1,2.4,1.9,2.6,2.6,2.2,1.7,1.3,
Tlaxcala,Porcentaje,2008,59.6,50.1,9.5,23.6,5.6,11.3,83.2,29.1,17.7,44.6,74.9,13.4,12.4,24.8,21.7,65.2,
Tlaxcala,Porcentaje,2010,60.3,50.4,9.9,19.3,7.4,13,79.7,23.3,15.6,33.4,70.8,11.7,13.7,24.1,26.8,67.7,
Tlaxcala,Porcentaje,2012,57.9,48.8,9.1,23.9,6,12.2,81.8,22.9,15.8,24.2,70.8,13,16,28.4,24.4,63.9,
Tlaxcala,Porcentaje,2014,58.9,52.4,6.5,22.6,7.7,10.8,81.5,15.9,14.9,17.5,71.5,9.4,12.1,24,27.1,66.6,
Tlaxcala,Porcentaje,2016,53.9,48.2,5.7,24.4,8.2,13.4,78.4,13.5,13,12.5,66.2,10.2,10.7,22.2,19.6,62.2,
Tlaxcala,Porcentaje,2018,48.4,45.3,3.1,28.6,7.6,15.4,77,13.5,13.1,13.7,67.8,8.7,10.1,20.2,14.9,56,
Tlaxcala,Miles de personas,2008,687.7,577.8,109.9,272.1,64.5,130,959.9,335.9,204.6,514.6,864.8,154.4,143,286.3,250.9,752.3,1148.108
Tlaxcala,Miles de personas,2010,719,600.8,118.2,230.6,87.9,154.6,949.5,277.7,185.6,398.3,844.5,139.7,162.9,287.9,320,806.9,1185.869
Tlaxcala,Miles de personas,2012,711.9,599.6,112.2,294.2,74.2,149.6,"1,006.10",282.2,194.4,297.4,870.5,159.4,197,349.4,299.9,786.1,1229.572
Tlaxcala,Miles de personas,2014,745.1,662.5,82.6,285.3,96.9,137.2,"1,030.40",200.7,188.8,221.1,903.7,119.1,153,303.5,342.1,842,1273.768
Tlaxcala,Miles de personas,2016,701.8,627,74.7,317.7,107.3,174.1,"1,019.50",175.2,169.7,162.9,861.5,133.2,139.3,288.2,254.7,809.1,1314.415
Tlaxcala,Miles de personas,2018,645.8,604,41.7,382,101.9,205.2,"1,027.70",180.2,175.1,183.4,904.8,116.3,135.2,270.1,199.1,747.7,1347.932
Tlaxcala,Carencias promedio,2008,2.3,2.1,3.6,2.1,0,0,2.3,3.5,3,2.7,2.4,3.5,3.5,3,2.4,2.1,
Tlaxcala,Carencias promedio,2010,2.2,2,3.5,1.8,0,0,2.1,3.5,3,2.8,2.2,3.3,3.3,2.9,2.2,2,
Tlaxcala,Carencias promedio,2012,2.2,1.9,3.5,1.8,0,0,2.1,3.5,2.9,2.7,2.2,3.2,3.2,2.7,2.2,2,
Tlaxcala,Carencias promedio,2014,1.9,1.7,3.5,1.6,0,0,1.8,3.4,2.6,2.6,1.9,3.1,3,2.6,1.9,1.7,
Tlaxcala,Carencias promedio,2016,1.8,1.6,3.3,1.6,0,0,1.7,3.3,2.4,2.6,1.8,2.7,2.6,2.4,1.9,1.6,
Tlaxcala,Carencias promedio,2018,1.8,1.7,3.2,1.6,0,0,1.7,3.3,2.5,2.6,1.8,2.7,2.9,2.4,1.7,1.6,
Veracruz,Porcentaje,2008,51.2,34.3,16.8,32.7,3.1,12.9,83.9,46.7,28.4,42.9,72.1,30.5,42.7,25.6,20.8,54.3,
Veracruz,Porcentaje,2010,57.6,38.8,18.8,23.6,4.5,14.3,81.2,41.9,25.8,34.9,69.2,24,39.3,26.1,27.8,62.1,
Veracruz,Porcentaje,2012,52.6,38.4,14.3,30.6,4,12.8,83.2,36.9,25.8,25.7,68.5,19.7,39.2,28.2,24,56.6,
Veracruz,Porcentaje,2014,58,40.9,17.2,24.8,5,12.2,82.8,37.3,27.8,21.7,68.5,16.8,40,30,29.2,63,
Veracruz,Porcentaje,2016,62.2,45.8,16.4,19.9,5,12.9,82.1,33.4,25.7,19.4,68,17.5,39.2,22.2,30.6,67.1,
Veracruz,Porcentaje,2018,61.8,44.1,17.7,21.1,6.1,10.9,82.9,33.3,25,16.7,67.5,16.9,42.1,27,32.2,67.9,
Veracruz,Miles de personas,2008,"3,879.00","2,602.60","1,276.40","2,480.00",238.7,979.8,"6,359.00","3,539.70","2,154.60","3,248.70","5,463.40","2,307.50","3,237.20","1,938.70","1,576.00","4,117.70",7561.551
Veracruz,Miles de personas,2010,"4,448.00","2,999.00","1,449.00","1,825.90",349.7,"1,101.30","6,273.90","3,237.80","1,992.70","2,698.80","5,348.10","1,857.00","3,032.60","2,017.00","2,145.50","4,797.70",7747.684
Veracruz,Miles de personas,2012,"4,141.80","3,019.80","1,122.00","2,403.80",313.5,"1,008.30","6,545.60","2,906.70","2,027.00","2,018.90","5,386.90","1,552.80","3,080.20","2,218.90","1,890.30","4,455.30",7957.243
Veracruz,Miles de personas,2014,"4,634.20","3,263.80","1,370.50","1,978.70",400.9,975.5,"6,613.00","2,982.20","2,220.70","1,736.30","5,469.20","1,345.30","3,199.20","2,396.60","2,331.60","5,035.10",8150.881
Veracruz,Miles de personas,2016,"5,049.50","3,717.00","1,332.50","1,619.70",404,"1,050.30","6,669.20","2,716.60","2,087.30","1,578.30","5,524.20","1,422.20","3,184.70","1,804.40","2,483.00","5,453.50",8316.599
Veracruz,Miles de personas,2018,"5,088.60","3,630.70","1,457.90","1,742.00",506.3,899.9,"6,830.60","2,744.40","2,055.60","1,379.30","5,561.30","1,389.40","3,466.30","2,222.30","2,653.20","5,594.90",8434.163
Veracruz,Carencias promedio,2008,3.2,2.8,4.1,2.4,0,0,2.9,3.9,3.7,3.5,3.1,3.9,3.7,3.9,3.6,3,
Veracruz,Carencias promedio,2010,2.9,2.4,3.9,2.2,0,0,2.7,3.7,3.5,3.3,2.9,3.8,3.5,3.5,3.1,2.7,
Veracruz,Carencias promedio,2012,2.7,2.3,3.7,2.1,0,0,2.5,3.6,3.2,3.3,2.7,3.6,3.2,3.2,2.9,2.5,
Veracruz,Carencias promedio,2014,2.7,2.2,3.7,2,0,0,2.5,3.6,3.2,3.2,2.7,3.7,3.2,3.3,2.8,2.5,
Veracruz,Carencias promedio,2016,2.5,2.1,3.6,1.9,0,0,2.3,3.5,3,3,2.5,3.3,3,3,2.7,2.3,
Veracruz,Carencias promedio,2018,2.5,2.1,3.6,2,0,0,2.4,3.5,3.1,3.1,2.5,3.4,3,2.9,2.7,2.3,
Yucatán,Porcentaje,2008,47,38.2,8.9,29.5,4.7,18.7,76.6,35.2,26.2,26.9,61,24.3,41.9,16.2,13,51.8,
Yucatán,Porcentaje,2010,48.3,36.6,11.7,26,6.4,19.2,74.3,31.9,24.7,20.7,56.9,19.5,37.4,21.4,17.9,54.8,
Yucatán,Porcentaje,2012,48.9,39,9.8,27,6.3,17.9,75.9,32.7,23.4,15.7,58.8,20.6,42.7,25.1,16.6,55.1,
Yucatán,Porcentaje,2014,45.9,35.2,10.7,27.7,7,19.5,73.5,27.4,21.8,14.5,54.4,17.5,40.4,18.4,20.7,52.8,
Yucatán,Porcentaje,2016,41.9,35.7,6.1,32.5,5.7,19.9,74.3,24.3,20.6,14.4,54.2,15.8,35.5,19.3,11.8,47.6,
Yucatán,Porcentaje,2018,40.8,34.1,6.7,33.3,5.5,20.4,74.1,25.1,19.7,14.1,55.3,13.6,38.4,19.4,12.5,46.3,
Yucatán,Miles de personas,2008,907,736.1,170.9,569.7,91.6,360.4,"1,476.70",679.6,505.9,519.4,"1,177.00",469.4,808.5,313.2,250.7,998.6,1929.92
Yucatán,Miles de personas,2010,958.5,726.1,232.5,515.9,127.7,381.5,"1,474.50",633.5,489,410.7,"1,127.90",386.5,741.7,424.3,354.9,"1,086.30",1979.695
Yucatán,Miles de personas,2012,996.9,796.3,200.6,551.4,127.6,364.6,"1,548.30",668.2,477.1,320.7,"1,199.20",420.8,871.2,512.3,339.1,"1,124.40",2041.581
Yucatán,Miles de personas,2014,957.9,734.7,223.2,578.3,145.3,407.5,"1,536.20",573.2,455.8,302.4,"1,137.40",365.2,843.4,383.8,432.7,"1,103.20",2100.817
Yucatán,Miles de personas,2016,901.9,769.4,132.4,699.4,123.7,428.9,"1,601.30",524,442.8,310.4,"1,166.90",339.7,764,415.3,253.6,"1,025.50",2155.883
Yucatán,Miles de personas,2018,900.5,753.4,147.1,734.7,120.9,451.1,"1,635.20",554.4,434.9,310.4,"1,221.50",299.6,848.5,428.3,276.1,"1,021.30",2208.236
Yucatán,Carencias promedio,2008,2.8,2.6,3.9,2.2,0,0,2.6,3.8,3.3,3.3,2.8,3.7,3.3,3.7,3.1,2.6,
Yucatán,Carencias promedio,2010,2.7,2.3,3.8,2,0,0,2.4,3.6,3.1,3.1,2.7,3.6,3.1,3.2,3,2.4,
Yucatán,Carencias promedio,2012,2.7,2.4,3.7,2.1,0,0,2.5,3.6,3.2,3.1,2.7,3.6,3.1,3.3,2.8,2.4,
Yucatán,Carencias promedio,2014,2.5,2.1,3.6,2,0,0,2.3,3.5,2.9,2.9,2.5,3.4,2.9,3,2.5,2.1,
Yucatán,Carencias promedio,2016,2.4,2.1,3.6,1.9,0,0,2.1,3.5,2.8,2.8,2.4,3.2,2.8,2.7,2.6,2.1,
Yucatán,Carencias promedio,2018,2.4,2.1,3.6,1.9,0,0,2.2,3.4,2.8,2.8,2.4,3.2,2.7,2.9,2.6,2.1,
Zacatecas,Porcentaje,2008,50.1,40.6,9.5,27.8,6.1,16,77.9,25,24.5,32.1,67.8,9.6,14.6,19.7,22.3,56.2,
Zacatecas,Porcentaje,2010,60.2,49.4,10.8,18.4,6.9,14.5,78.6,23.5,22.9,25.6,66.6,5.9,17.8,24.9,29.7,67.1,
Zacatecas,Porcentaje,2012,54.2,46.7,7.5,20.4,6.4,19,74.6,15.2,21.1,16.7,62.9,5.1,10.9,22.3,30.3,60.6,
Zacatecas,Porcentaje,2014,52.3,46.6,5.7,24.4,7.3,16,76.7,13.3,21.6,14.9,63.4,4.9,13.3,16.8,26.7,59.7,
Zacatecas,Porcentaje,2016,49,45.5,3.5,24.4,8.9,17.7,73.4,10.3,17.7,11.5,60.4,5.1,10.7,15.1,21,57.9,
Zacatecas,Porcentaje,2018,46.8,43.4,3.4,28.7,7.7,16.8,75.5,10.5,17.8,11.7,62.6,5.4,10.4,16.6,17.2,54.5,
Zacatecas,Miles de personas,2008,742.2,601.8,140.4,411.1,90,237.3,"1,153.40",369.5,363.2,474.6,"1,004.50",141.4,216,291.4,330.4,832.2,1465.789
Zacatecas,Miles de personas,2010,911.5,747.4,164.1,277.7,103.9,219.8,"1,189.20",354.9,345.8,386.6,"1,007.00",88.7,269.6,376.6,448.9,"1,015.40",1508.108
Zacatecas,Miles de personas,2012,835.5,720.2,115.3,314.7,98.8,292.1,"1,150.20",234.8,324.8,258.1,970.1,79,168.1,343.8,466.3,934.4,1548.006
Zacatecas,Miles de personas,2014,819.8,730.4,89.4,381.7,114.7,249.8,"1,201.50",208.8,338.5,232.7,992.4,76.5,209,263.6,418.3,934.5,1584.738
Zacatecas,Miles de personas,2016,780.3,724.2,56.1,388.2,141.9,281.9,"1,168.40",163.8,281.8,182.7,962.4,82,171.1,239.9,334.4,922.2,1616.675
Zacatecas,Miles de personas,2018,755.2,700.8,54.4,463.9,124.8,271.1,"1,219.10",169.3,286.7,188.7,"1,011.70",87.5,168.7,268.7,277.1,880,1642.388
Zacatecas,Carencias promedio,2008,2.3,2,3.6,1.9,0,0,2.2,3.5,2.8,2.8,2.3,3.5,3.3,3,2.4,2,
Zacatecas,Carencias promedio,2010,2.2,1.9,3.5,1.8,0,0,2.1,3.4,2.7,2.8,2.2,3.6,3,2.7,2.2,1.9,
Zacatecas,Carencias promedio,2012,1.9,1.7,3.4,1.6,0,0,1.9,3.3,2.4,2.6,2,3,3,2.6,1.9,1.7,
Zacatecas,Carencias promedio,2014,1.8,1.6,3.3,1.6,0,0,1.8,3.3,2.2,2.5,1.9,2.9,2.6,2.5,1.8,1.6,
Zacatecas,Carencias promedio,2016,1.7,1.6,3.2,1.6,0,0,1.6,3.2,2.1,2.5,1.7,2.6,2.4,2.3,1.6,1.4,
Zacatecas,Carencias promedio,2018,1.7,1.6,3.3,1.6,0,0,1.7,3.3,2.1,2.5,1.7,2.6,2.6,2.3,1.7,1.5,